source	owner	status	retail_named	named_exact	named_missing	named_mismatch	retail_anonymous	anonymous_covered	retail_typedefs	typedefs_covered	source_extra_named	retail_duplicate_named	source_extra_anonymous	source_extra_typedefs	retail_duplicate_typedefs	source_duplicate_typedefs	detail
recon/frontend/common/feapp.cpp	FEApp.obj	DIFF	171	171	0	0	2	2	468	390	377	3	9	435	237	417	named_extra=AICop_RoadBlockState,AIDataRecord_RecordMethod_t,AIDataRecord_WhichRecord_t,AIHigh_CopGameType_t,AIHigh_tAttackMode,AIHigh_tDriveAwayMode,Gear_t,MANAGERTASK,PRODUCTLOC,PinkSlipsCarSelectState,PinkSlipsErrorCode,VALIDITY,VIDEOSTATE,Weather_tState,Wingman_Role,blockadeMode_t,copType,crimeType,cruiseMode_t,eRampType,forceFocus_t,s_type,stateType_t,tCarListType,tCarStatType,tCheatCode,tFront_ProcessingType,tMenuTextState,tMenuTextType,tPMenuCommandType,tPlayer,tScreenCongratsMessage; retail_duplicate_named=tMenux1,tScreenx1,BO_tNewtonObjx1; anonymous_extra=ENTAG:4x1,ENTAG:4x1,ENTAG:4x1,ENTAG:4x1,ENTAG:4x1,STRTAG:8x1,STRTAG:216x1,STRTAG:512x1; typedefs=tPA32:PTR ARY SHORT; typedefs_extra=tMemIcon:ARY ARY ARY CHAR,CarLogic_tObservations:ARY ARY INT,FEMATRIX:ARY ARY INT,Night_tCopLightingTable:ARY ARY UCHAR,Night_tLightingTable:ARY ARY UCHAR,FEVECTOR:ARY INT,tPA32:ARY PTR SHORT,tPItemList:ARY PTR STRUCT,tTextLocation:ARY SHORT,tArrowLocation:ARY SHORT,Night_tWeatherLightingTable:ARY UCHAR,DECDCTTAB:ARY USHORT,AICop_RoadBlockState:ENUM,AIDataRecord_RecordMethod_t:ENUM,AIDataRecord_WhichRecord_t:ENUM,AIHigh_CopGameType_t:ENUM,AIHigh_tAttackMode:ENUM,AIHigh_tDriveAwayMode:ENUM,Gear_t:ENUM,MANAGERTASK:ENUM,PRODUCTLOC:ENUM,PinkSlipsCarSelectState:ENUM,PinkSlipsErrorCode:ENUM,VALIDITY:ENUM,VIDEOSTATE:ENUM,Weather_tState:ENUM,Wingman_Role:ENUM,blockadeMode_t:ENUM,copType:ENUM,crimeType:ENUM,cruiseMode_t:ENUM,eRampType:ENUM; retail_duplicate_typedefs=237; source_duplicate_typedefs=417
recon/frontend/common/feaudio.cpp	Feaudio.obj	DIFF	91	91	0	0	2	2	231	190	456	2	9	518	84	338	named_extra=AICop_RoadBlockState,AIDataRecord_RecordMethod_t,AIDataRecord_WhichRecord_t,AIHigh_CopGameType_t,AIHigh_tAttackMode,AIHigh_tDriveAwayMode,Gear_t,MANAGERTASK,PRODUCTLOC,PinkSlipsCarSelectState,PinkSlipsErrorCode,VALIDITY,VIDEOSTATE,Weather_tState,Wingman_Role,blockadeMode_t,copType,crimeType,cruiseMode_t,eRampType,forceFocus_t,s_type,stateType_t,tAppCommand,tCarClassType,tCarListType,tCarModels,tCarNameLength,tCarStatType,tCheatCode,tFront_ProcessingType,tInputKeyType; retail_duplicate_named=BO_tNewtonObjx1,tMenux1; anonymous_extra=ENTAG:4x1,ENTAG:4x1,ENTAG:4x1,ENTAG:4x1,ENTAG:4x1,STRTAG:8x1,STRTAG:216x1,STRTAG:512x1; typedefs=tPA32:PTR ARY SHORT; typedefs_extra=tMemIcon:ARY ARY ARY CHAR,CarLogic_tObservations:ARY ARY INT,FEMATRIX:ARY ARY INT,Night_tCopLightingTable:ARY ARY UCHAR,Night_tLightingTable:ARY ARY UCHAR,FEVECTOR:ARY INT,tPA32:ARY PTR SHORT,tPItemList:ARY PTR STRUCT,tTextLocation:ARY SHORT,tArrowLocation:ARY SHORT,tSaveRecords:ARY STRUCT,Night_tWeatherLightingTable:ARY UCHAR,DECDCTTAB:ARY USHORT,AICop_RoadBlockState:ENUM,AIDataRecord_RecordMethod_t:ENUM,AIDataRecord_WhichRecord_t:ENUM,AIHigh_CopGameType_t:ENUM,AIHigh_tAttackMode:ENUM,AIHigh_tDriveAwayMode:ENUM,Gear_t:ENUM,MANAGERTASK:ENUM,PRODUCTLOC:ENUM,PinkSlipsCarSelectState:ENUM,PinkSlipsErrorCode:ENUM,VALIDITY:ENUM,VIDEOSTATE:ENUM,Weather_tState:ENUM,Wingman_Role:ENUM,blockadeMode_t:ENUM,copType:ENUM,crimeType:ENUM,cruiseMode_t:ENUM; retail_duplicate_typedefs=84; source_duplicate_typedefs=338
recon/frontend/common/fecars.cpp	FECars.obj	DIFF	69	69	0	0	2	2	331	264	478	1	9	548	215	449	named_extra=AICop_RoadBlockState,AIDataRecord_RecordMethod_t,AIDataRecord_WhichRecord_t,AIHigh_CopGameType_t,AIHigh_tAttackMode,AIHigh_tDriveAwayMode,AIScript_tAIReaction,AIScript_tPlayAction,Gear_t,MANAGERTASK,PRODUCTLOC,PinkSlipsCarSelectState,PinkSlipsErrorCode,Udff_tAccessType,VALIDITY,VIDEOSTATE,Weather_tState,Wingman_Role,blockadeMode_t,copType,crimeType,cruiseMode_t,donutMode_t,eRampType,forceFocus_t,s_type,speechIntensityType,speechModeType,speechSourceType,stateType_t,tAppCommand,tCarStatType; retail_duplicate_named=tMenux1; anonymous_extra=ENTAG:4x1,ENTAG:4x1,ENTAG:4x1,ENTAG:4x1,ENTAG:4x1,STRTAG:8x1,STRTAG:216x1,STRTAG:512x1; typedefs_extra=tMemIcon:ARY ARY ARY CHAR,CarLogic_tObservations:ARY ARY INT,FEMATRIX:ARY ARY INT,Night_tCopLightingTable:ARY ARY UCHAR,Night_tLightingTable:ARY ARY UCHAR,FEVECTOR:ARY INT,AIPerson_tGlueTable:ARY INT,tPA32:ARY PTR SHORT,tPItemList:ARY PTR STRUCT,tTextLocation:ARY SHORT,tArrowLocation:ARY SHORT,Car_tAccTable:ARY SHORT,AIScript_tScriptData:ARY STRUCT,tSaveRecords:ARY STRUCT,Night_tWeatherLightingTable:ARY UCHAR,DECDCTTAB:ARY USHORT,AICop_RoadBlockState:ENUM,AIDataRecord_RecordMethod_t:ENUM,AIDataRecord_WhichRecord_t:ENUM,AIHigh_CopGameType_t:ENUM,AIHigh_tAttackMode:ENUM,AIHigh_tDriveAwayMode:ENUM,AIScript_tAIReaction:ENUM,AIScript_tPlayAction:ENUM,Gear_t:ENUM,MANAGERTASK:ENUM,PRODUCTLOC:ENUM,PinkSlipsCarSelectState:ENUM,PinkSlipsErrorCode:ENUM,Udff_tAccessType:ENUM,VALIDITY:ENUM,VIDEOSTATE:ENUM; retail_duplicate_typedefs=215; source_duplicate_typedefs=449
recon/frontend/common/fecheats.cpp	FECheats.obj	DIFF	112	112	0	0	2	2	308	226	435	3	9	496	139	334	named_extra=AICop_RoadBlockState,AIDataRecord_RecordMethod_t,AIDataRecord_WhichRecord_t,AIHigh_CopGameType_t,AIHigh_tAttackMode,AIHigh_tDriveAwayMode,Gear_t,MANAGERTASK,PRODUCTLOC,PinkSlipsCarSelectState,PinkSlipsErrorCode,VALIDITY,VIDEOSTATE,Weather_tState,Wingman_Role,blockadeMode_t,copType,crimeType,cruiseMode_t,eRampType,forceFocus_t,s_type,stateType_t,tAppCommand,tCarListType,tCarStatType,tFront_ProcessingType,tMenuTextState,tMenuTextType,tPMenuCommandType,tPlayer,tScreenCongratsMessage; retail_duplicate_named=tMenux1,tScreenx1,BO_tNewtonObjx1; anonymous_extra=ENTAG:4x1,ENTAG:4x1,ENTAG:4x1,ENTAG:4x1,ENTAG:4x1,STRTAG:8x1,STRTAG:216x1,STRTAG:512x1; typedefs=tPA32:PTR ARY SHORT; typedefs_extra=tMemIcon:ARY ARY ARY CHAR,CarLogic_tObservations:ARY ARY INT,FEMATRIX:ARY ARY INT,Night_tCopLightingTable:ARY ARY UCHAR,Night_tLightingTable:ARY ARY UCHAR,FEVECTOR:ARY INT,tPA32:ARY PTR SHORT,tPItemList:ARY PTR STRUCT,tTextLocation:ARY SHORT,tArrowLocation:ARY SHORT,Night_tWeatherLightingTable:ARY UCHAR,DECDCTTAB:ARY USHORT,AICop_RoadBlockState:ENUM,AIDataRecord_RecordMethod_t:ENUM,AIDataRecord_WhichRecord_t:ENUM,AIHigh_CopGameType_t:ENUM,AIHigh_tAttackMode:ENUM,AIHigh_tDriveAwayMode:ENUM,Gear_t:ENUM,MANAGERTASK:ENUM,PRODUCTLOC:ENUM,PinkSlipsCarSelectState:ENUM,PinkSlipsErrorCode:ENUM,VALIDITY:ENUM,VIDEOSTATE:ENUM,Weather_tState:ENUM,Wingman_Role:ENUM,blockadeMode_t:ENUM,copType:ENUM,crimeType:ENUM,cruiseMode_t:ENUM,eRampType:ENUM; retail_duplicate_typedefs=139; source_duplicate_typedefs=334
recon/frontend/common/fecredits.cpp	FECredits.obj	DIFF	105	105	0	0	2	2	282	225	442	3	9	504	121	351	named_extra=AICop_RoadBlockState,AIDataRecord_RecordMethod_t,AIDataRecord_WhichRecord_t,AIHigh_CopGameType_t,AIHigh_tAttackMode,AIHigh_tDriveAwayMode,Gear_t,MANAGERTASK,PRODUCTLOC,PinkSlipsCarSelectState,PinkSlipsErrorCode,VALIDITY,VIDEOSTATE,Weather_tState,Wingman_Role,blockadeMode_t,copType,crimeType,cruiseMode_t,eRampType,forceFocus_t,s_type,stateType_t,tAppCommand,tCarClassType,tCarListType,tCarStatType,tCheatCode,tFront_ProcessingType,tInputKeyType,tMenuTextState,tMenuTextType; retail_duplicate_named=tMenux1,tScreenx1,BO_tNewtonObjx1; anonymous_extra=ENTAG:4x1,ENTAG:4x1,ENTAG:4x1,ENTAG:4x1,ENTAG:4x1,STRTAG:8x1,STRTAG:216x1,STRTAG:512x1; typedefs=tPA32:PTR ARY SHORT; typedefs_extra=tMemIcon:ARY ARY ARY CHAR,CarLogic_tObservations:ARY ARY INT,FEMATRIX:ARY ARY INT,Night_tCopLightingTable:ARY ARY UCHAR,Night_tLightingTable:ARY ARY UCHAR,FEVECTOR:ARY INT,tPA32:ARY PTR SHORT,tPItemList:ARY PTR STRUCT,tTextLocation:ARY SHORT,tArrowLocation:ARY SHORT,tSaveRecords:ARY STRUCT,Night_tWeatherLightingTable:ARY UCHAR,DECDCTTAB:ARY USHORT,AICop_RoadBlockState:ENUM,AIDataRecord_RecordMethod_t:ENUM,AIDataRecord_WhichRecord_t:ENUM,AIHigh_CopGameType_t:ENUM,AIHigh_tAttackMode:ENUM,AIHigh_tDriveAwayMode:ENUM,Gear_t:ENUM,MANAGERTASK:ENUM,PRODUCTLOC:ENUM,PinkSlipsCarSelectState:ENUM,PinkSlipsErrorCode:ENUM,VALIDITY:ENUM,VIDEOSTATE:ENUM,Weather_tState:ENUM,Wingman_Role:ENUM,blockadeMode_t:ENUM,copType:ENUM,crimeType:ENUM,cruiseMode_t:ENUM; retail_duplicate_typedefs=121; source_duplicate_typedefs=351
recon/frontend/common/fedialog.cpp	FEDialog.obj	DIFF	171	171	0	0	2	2	473	391	376	4	9	434	242	411	named_extra=AICop_RoadBlockState,AIDataRecord_RecordMethod_t,AIDataRecord_WhichRecord_t,AIHigh_CopGameType_t,AIHigh_tAttackMode,AIHigh_tDriveAwayMode,Gear_t,PinkSlipsCarSelectState,PinkSlipsErrorCode,VALIDITY,VIDEOSTATE,Weather_tState,Wingman_Role,blockadeMode_t,copType,crimeType,cruiseMode_t,eRampType,forceFocus_t,s_type,stateType_t,tAppCommand,tCarListType,tCarStatType,tCheatCode,tFront_ProcessingType,tMenuTextState,tMenuTextType,tPMenuCommandType,tScreenCongratsMessage,tScreen_TransitionType,tSmallSpinningThing; retail_duplicate_named=tMenux1,tScreenx1,BO_tNewtonObjx1,TCBx1; anonymous_extra=ENTAG:4x1,ENTAG:4x1,ENTAG:4x1,ENTAG:4x1,ENTAG:4x1,STRTAG:8x1,STRTAG:216x1,STRTAG:512x1; typedefs=tPA32:PTR ARY SHORT; typedefs_extra=tMemIcon:ARY ARY ARY CHAR,CarLogic_tObservations:ARY ARY INT,FEMATRIX:ARY ARY INT,Night_tCopLightingTable:ARY ARY UCHAR,Night_tLightingTable:ARY ARY UCHAR,FEVECTOR:ARY INT,tPA32:ARY PTR SHORT,tPItemList:ARY PTR STRUCT,tTextLocation:ARY SHORT,tArrowLocation:ARY SHORT,Night_tWeatherLightingTable:ARY UCHAR,DECDCTTAB:ARY USHORT,AICop_RoadBlockState:ENUM,AIDataRecord_RecordMethod_t:ENUM,AIDataRecord_WhichRecord_t:ENUM,AIHigh_CopGameType_t:ENUM,AIHigh_tAttackMode:ENUM,AIHigh_tDriveAwayMode:ENUM,Gear_t:ENUM,PinkSlipsCarSelectState:ENUM,PinkSlipsErrorCode:ENUM,VALIDITY:ENUM,VIDEOSTATE:ENUM,Weather_tState:ENUM,Wingman_Role:ENUM,blockadeMode_t:ENUM,copType:ENUM,crimeType:ENUM,cruiseMode_t:ENUM,eRampType:ENUM,forceFocus_t:ENUM,s_type:ENUM; retail_duplicate_typedefs=242; source_duplicate_typedefs=411
recon/frontend/common/fefades.cpp	fefades.obj	DIFF	35	35	0	0	2	2	89	81	512	0	9	583	8	327	named_extra=AICop_RoadBlockState,AIDataRecord_RecordMethod_t,AIDataRecord_WhichRecord_t,AIHigh_CopGameType_t,AIHigh_tAttackMode,AIHigh_tDriveAwayMode,AIScript_tAIReaction,AIScript_tPlayAction,Gear_t,MANAGERTASK,PRODUCTLOC,PinkSlipsCarSelectState,PinkSlipsErrorCode,Udff_tAccessType,VALIDITY,VIDEOSTATE,Weather_tState,Wingman_Role,blockadeMode_t,copType,crimeType,cruiseMode_t,donutMode_t,eRampType,forceFocus_t,s_type,speechIntensityType,speechModeType,speechSourceType,stateType_t,tAppCommand,tCarClassType; anonymous_extra=ENTAG:4x1,ENTAG:4x1,ENTAG:4x1,ENTAG:4x1,ENTAG:4x1,STRTAG:8x1,STRTAG:216x1,STRTAG:512x1; typedefs_extra=tMemIcon:ARY ARY ARY CHAR,CarLogic_tObservations:ARY ARY INT,FEMATRIX:ARY ARY INT,Night_tCopLightingTable:ARY ARY UCHAR,Night_tLightingTable:ARY ARY UCHAR,FEVECTOR:ARY INT,AIPerson_tGlueTable:ARY INT,tPA32:ARY PTR SHORT,tItemList:ARY PTR STRUCT,tPItemList:ARY PTR STRUCT,tTextLocation:ARY SHORT,tArrowLocation:ARY SHORT,Car_tAccTable:ARY SHORT,AIScript_tScriptData:ARY STRUCT,tSaveRecords:ARY STRUCT,Night_tWeatherLightingTable:ARY UCHAR,DECDCTTAB:ARY USHORT,AICop_RoadBlockState:ENUM,AIDataRecord_RecordMethod_t:ENUM,AIDataRecord_WhichRecord_t:ENUM,AIHigh_CopGameType_t:ENUM,AIHigh_tAttackMode:ENUM,AIHigh_tDriveAwayMode:ENUM,AIScript_tAIReaction:ENUM,AIScript_tPlayAction:ENUM,Gear_t:ENUM,MANAGERTASK:ENUM,PRODUCTLOC:ENUM,PinkSlipsCarSelectState:ENUM,PinkSlipsErrorCode:ENUM,Udff_tAccessType:ENUM,VALIDITY:ENUM; retail_duplicate_typedefs=8; source_duplicate_typedefs=327
recon/frontend/common/feinput.cpp	FEInput.obj	DIFF	55	55	0	0	2	2	154	118	492	1	9	562	52	328	named_extra=AICop_RoadBlockState,AIDataRecord_RecordMethod_t,AIDataRecord_WhichRecord_t,AIHigh_CopGameType_t,AIHigh_tAttackMode,AIHigh_tDriveAwayMode,AIScript_tAIReaction,AIScript_tPlayAction,Gear_t,MANAGERTASK,PRODUCTLOC,PinkSlipsCarSelectState,PinkSlipsErrorCode,Udff_tAccessType,VALIDITY,VIDEOSTATE,Weather_tState,Wingman_Role,blockadeMode_t,copType,crimeType,cruiseMode_t,donutMode_t,eRampType,forceFocus_t,s_type,speechIntensityType,speechModeType,speechSourceType,stateType_t,tAppCommand,tCarClassType; retail_duplicate_named=tMenux1; anonymous_extra=ENTAG:4x1,ENTAG:4x1,ENTAG:4x1,ENTAG:4x1,ENTAG:4x1,STRTAG:8x1,STRTAG:216x1,STRTAG:512x1; typedefs_extra=tMemIcon:ARY ARY ARY CHAR,CarLogic_tObservations:ARY ARY INT,FEMATRIX:ARY ARY INT,Night_tCopLightingTable:ARY ARY UCHAR,Night_tLightingTable:ARY ARY UCHAR,FEVECTOR:ARY INT,AIPerson_tGlueTable:ARY INT,tPA32:ARY PTR SHORT,tPItemList:ARY PTR STRUCT,tTextLocation:ARY SHORT,tArrowLocation:ARY SHORT,Car_tAccTable:ARY SHORT,AIScript_tScriptData:ARY STRUCT,tSaveRecords:ARY STRUCT,Night_tWeatherLightingTable:ARY UCHAR,DECDCTTAB:ARY USHORT,AICop_RoadBlockState:ENUM,AIDataRecord_RecordMethod_t:ENUM,AIDataRecord_WhichRecord_t:ENUM,AIHigh_CopGameType_t:ENUM,AIHigh_tAttackMode:ENUM,AIHigh_tDriveAwayMode:ENUM,AIScript_tAIReaction:ENUM,AIScript_tPlayAction:ENUM,Gear_t:ENUM,MANAGERTASK:ENUM,PRODUCTLOC:ENUM,PinkSlipsCarSelectState:ENUM,PinkSlipsErrorCode:ENUM,Udff_tAccessType:ENUM,VALIDITY:ENUM,VIDEOSTATE:ENUM; retail_duplicate_typedefs=52; source_duplicate_typedefs=328
recon/frontend/common/felines.cpp	felines.obj	DIFF	34	34	0	0	2	2	88	80	513	0	9	584	8	327	named_extra=AICop_RoadBlockState,AIDataRecord_RecordMethod_t,AIDataRecord_WhichRecord_t,AIHigh_CopGameType_t,AIHigh_tAttackMode,AIHigh_tDriveAwayMode,AIScript_tAIReaction,AIScript_tPlayAction,Gear_t,MANAGERTASK,PRODUCTLOC,PinkSlipsCarSelectState,PinkSlipsErrorCode,Udff_tAccessType,VALIDITY,VIDEOSTATE,Weather_tState,Wingman_Role,blockadeMode_t,copType,crimeType,cruiseMode_t,donutMode_t,eRampType,forceFocus_t,s_type,speechIntensityType,speechModeType,speechSourceType,stateType_t,tAppCommand,tCarClassType; anonymous_extra=ENTAG:4x1,ENTAG:4x1,ENTAG:4x1,ENTAG:4x1,ENTAG:4x1,STRTAG:8x1,STRTAG:216x1,STRTAG:512x1; typedefs_extra=tMemIcon:ARY ARY ARY CHAR,CarLogic_tObservations:ARY ARY INT,FEMATRIX:ARY ARY INT,Night_tCopLightingTable:ARY ARY UCHAR,Night_tLightingTable:ARY ARY UCHAR,FEVECTOR:ARY INT,AIPerson_tGlueTable:ARY INT,tPA32:ARY PTR SHORT,tItemList:ARY PTR STRUCT,tPItemList:ARY PTR STRUCT,tTextLocation:ARY SHORT,tArrowLocation:ARY SHORT,Car_tAccTable:ARY SHORT,AIScript_tScriptData:ARY STRUCT,tSaveRecords:ARY STRUCT,Night_tWeatherLightingTable:ARY UCHAR,DECDCTTAB:ARY USHORT,AICop_RoadBlockState:ENUM,AIDataRecord_RecordMethod_t:ENUM,AIDataRecord_WhichRecord_t:ENUM,AIHigh_CopGameType_t:ENUM,AIHigh_tAttackMode:ENUM,AIHigh_tDriveAwayMode:ENUM,AIScript_tAIReaction:ENUM,AIScript_tPlayAction:ENUM,Gear_t:ENUM,MANAGERTASK:ENUM,PRODUCTLOC:ENUM,PinkSlipsCarSelectState:ENUM,PinkSlipsErrorCode:ENUM,Udff_tAccessType:ENUM,VALIDITY:ENUM; retail_duplicate_typedefs=8; source_duplicate_typedefs=327
recon/frontend/common/fememcard.cpp	FEMemCard.obj	DIFF	131	131	0	0	2	2	367	289	416	4	9	468	170	382	named_extra=AICop_RoadBlockState,AIDataRecord_RecordMethod_t,AIDataRecord_WhichRecord_t,AIHigh_CopGameType_t,AIHigh_tAttackMode,AIHigh_tDriveAwayMode,Gear_t,PinkSlipsCarSelectState,VALIDITY,VIDEOSTATE,Weather_tState,Wingman_Role,blockadeMode_t,copType,crimeType,cruiseMode_t,eRampType,forceFocus_t,s_type,stateType_t,tAppCommand,tCarListType,tCarStatType,tCheatCode,tFront_ProcessingType,tMenuTextState,tMenuTextType,tPMenuCommandType,tPlayer,tScreenCongratsMessage,tScreenMainState,tScreen_TransitionType; retail_duplicate_named=tMenux1,tScreenx1,BO_tNewtonObjx1,TCBx1; anonymous_extra=ENTAG:4x1,ENTAG:4x1,ENTAG:4x1,ENTAG:4x1,ENTAG:4x1,STRTAG:8x1,STRTAG:216x1,STRTAG:512x1; typedefs=tPA32:PTR ARY SHORT; typedefs_extra=tMemIcon:ARY ARY ARY CHAR,CarLogic_tObservations:ARY ARY INT,FEMATRIX:ARY ARY INT,Night_tCopLightingTable:ARY ARY UCHAR,Night_tLightingTable:ARY ARY UCHAR,FEVECTOR:ARY INT,tPA32:ARY PTR SHORT,tPItemList:ARY PTR STRUCT,tTextLocation:ARY SHORT,tArrowLocation:ARY SHORT,Night_tWeatherLightingTable:ARY UCHAR,DECDCTTAB:ARY USHORT,AICop_RoadBlockState:ENUM,AIDataRecord_RecordMethod_t:ENUM,AIDataRecord_WhichRecord_t:ENUM,AIHigh_CopGameType_t:ENUM,AIHigh_tAttackMode:ENUM,AIHigh_tDriveAwayMode:ENUM,Gear_t:ENUM,PinkSlipsCarSelectState:ENUM,VALIDITY:ENUM,VIDEOSTATE:ENUM,Weather_tState:ENUM,Wingman_Role:ENUM,blockadeMode_t:ENUM,copType:ENUM,crimeType:ENUM,cruiseMode_t:ENUM,eRampType:ENUM,forceFocus_t:ENUM,s_type:ENUM,stateType_t:ENUM; retail_duplicate_typedefs=170; source_duplicate_typedefs=382
recon/frontend/common/femenu.cpp	FEMenu.obj	DIFF	107	107	0	0	2	2	446	379	441	3	9	503	283	514	named_extra=AICop_RoadBlockState,AIDataRecord_RecordMethod_t,AIDataRecord_WhichRecord_t,AIHigh_CopGameType_t,AIHigh_tAttackMode,AIHigh_tDriveAwayMode,Gear_t,MANAGERTASK,PRODUCTLOC,PinkSlipsCarSelectState,PinkSlipsErrorCode,VALIDITY,VIDEOSTATE,Weather_tState,Wingman_Role,blockadeMode_t,copType,crimeType,cruiseMode_t,eRampType,forceFocus_t,s_type,stateType_t,tAppCommand,tCarClassType,tCarListType,tCarStatType,tCheatCode,tFront_ProcessingType,tMenuTextState,tMenuTextType,tPMenuCommandType; retail_duplicate_named=BO_tNewtonObjx1,tMenux1,tScreenx1; anonymous_extra=ENTAG:4x1,ENTAG:4x1,ENTAG:4x1,ENTAG:4x1,ENTAG:4x1,STRTAG:8x1,STRTAG:216x1,STRTAG:512x1; typedefs=tPA32:PTR ARY SHORT; typedefs_extra=tMemIcon:ARY ARY ARY CHAR,CarLogic_tObservations:ARY ARY INT,FEMATRIX:ARY ARY INT,Night_tCopLightingTable:ARY ARY UCHAR,Night_tLightingTable:ARY ARY UCHAR,FEVECTOR:ARY INT,tPA32:ARY PTR SHORT,tPItemList:ARY PTR STRUCT,tTextLocation:ARY SHORT,tArrowLocation:ARY SHORT,tSaveRecords:ARY STRUCT,Night_tWeatherLightingTable:ARY UCHAR,DECDCTTAB:ARY USHORT,AICop_RoadBlockState:ENUM,AIDataRecord_RecordMethod_t:ENUM,AIDataRecord_WhichRecord_t:ENUM,AIHigh_CopGameType_t:ENUM,AIHigh_tAttackMode:ENUM,AIHigh_tDriveAwayMode:ENUM,Gear_t:ENUM,MANAGERTASK:ENUM,PRODUCTLOC:ENUM,PinkSlipsCarSelectState:ENUM,PinkSlipsErrorCode:ENUM,VALIDITY:ENUM,VIDEOSTATE:ENUM,Weather_tState:ENUM,Wingman_Role:ENUM,blockadeMode_t:ENUM,copType:ENUM,crimeType:ENUM,cruiseMode_t:ENUM; retail_duplicate_typedefs=283; source_duplicate_typedefs=514
recon/frontend/common/femenudefs.cpp	FEMenuDefs.obj	DIFF	192	192	0	0	2	2	553	476	355	4	9	407	295	539	named_extra=AICop_RoadBlockState,AIDataRecord_RecordMethod_t,AIDataRecord_WhichRecord_t,AIHigh_CopGameType_t,AIHigh_tAttackMode,AIHigh_tDriveAwayMode,Gear_t,PinkSlipsCarSelectState,PinkSlipsErrorCode,VALIDITY,VIDEOSTATE,Weather_tState,Wingman_Role,blockadeMode_t,copType,crimeType,cruiseMode_t,eRampType,forceFocus_t,s_type,stateType_t,tAppCommand,tCarListType,tCarStatType,tCheatCode,tFront_ProcessingType,tMenuTextState,tMenuTextType,tPMenuCommandType,tPlayer,tScreen_TransitionType,tTrophySize; retail_duplicate_named=tMenux1,tScreenx1,TCBx1,BO_tNewtonObjx1; anonymous_extra=ENTAG:4x1,ENTAG:4x1,ENTAG:4x1,ENTAG:4x1,ENTAG:4x1,STRTAG:8x1,STRTAG:216x1,STRTAG:512x1; typedefs=tPA32:PTR ARY SHORT; typedefs_extra=tMemIcon:ARY ARY ARY CHAR,CarLogic_tObservations:ARY ARY INT,FEMATRIX:ARY ARY INT,Night_tCopLightingTable:ARY ARY UCHAR,Night_tLightingTable:ARY ARY UCHAR,FEVECTOR:ARY INT,tPA32:ARY PTR SHORT,tPItemList:ARY PTR STRUCT,Night_tWeatherLightingTable:ARY UCHAR,DECDCTTAB:ARY USHORT,AICop_RoadBlockState:ENUM,AIDataRecord_RecordMethod_t:ENUM,AIDataRecord_WhichRecord_t:ENUM,AIHigh_CopGameType_t:ENUM,AIHigh_tAttackMode:ENUM,AIHigh_tDriveAwayMode:ENUM,Gear_t:ENUM,PinkSlipsCarSelectState:ENUM,PinkSlipsErrorCode:ENUM,VALIDITY:ENUM,VIDEOSTATE:ENUM,Weather_tState:ENUM,Wingman_Role:ENUM,blockadeMode_t:ENUM,copType:ENUM,crimeType:ENUM,cruiseMode_t:ENUM,eRampType:ENUM,forceFocus_t:ENUM,s_type:ENUM,stateType_t:ENUM,tAppCommand:ENUM; retail_duplicate_typedefs=295; source_duplicate_typedefs=539
recon/frontend/common/femenuextended.cpp	FEMenuExtended.obj	DIFF	113	113	0	0	2	2	418	369	435	3	9	496	248	517	named_extra=AICop_RoadBlockState,AIDataRecord_RecordMethod_t,AIDataRecord_WhichRecord_t,AIHigh_CopGameType_t,AIHigh_tAttackMode,AIHigh_tDriveAwayMode,Gear_t,MANAGERTASK,PRODUCTLOC,PinkSlipsCarSelectState,PinkSlipsErrorCode,VALIDITY,VIDEOSTATE,Weather_tState,Wingman_Role,blockadeMode_t,copType,crimeType,cruiseMode_t,eRampType,forceFocus_t,s_type,stateType_t,tAppCommand,tCarClassType,tCarListType,tCarStatType,tCheatCode,tFront_ProcessingType,tMenuTextState,tMenuTextType,tPMenuCommandType; retail_duplicate_named=tMenux1,tScreenx1,BO_tNewtonObjx1; anonymous_extra=ENTAG:4x1,ENTAG:4x1,ENTAG:4x1,ENTAG:4x1,ENTAG:4x1,STRTAG:8x1,STRTAG:216x1,STRTAG:512x1; typedefs=tPA32:PTR ARY SHORT; typedefs_extra=tMemIcon:ARY ARY ARY CHAR,CarLogic_tObservations:ARY ARY INT,FEMATRIX:ARY ARY INT,Night_tCopLightingTable:ARY ARY UCHAR,Night_tLightingTable:ARY ARY UCHAR,FEVECTOR:ARY INT,tPA32:ARY PTR SHORT,tPItemList:ARY PTR STRUCT,tTextLocation:ARY SHORT,tArrowLocation:ARY SHORT,Night_tWeatherLightingTable:ARY UCHAR,DECDCTTAB:ARY USHORT,AICop_RoadBlockState:ENUM,AIDataRecord_RecordMethod_t:ENUM,AIDataRecord_WhichRecord_t:ENUM,AIHigh_CopGameType_t:ENUM,AIHigh_tAttackMode:ENUM,AIHigh_tDriveAwayMode:ENUM,Gear_t:ENUM,MANAGERTASK:ENUM,PRODUCTLOC:ENUM,PinkSlipsCarSelectState:ENUM,PinkSlipsErrorCode:ENUM,VALIDITY:ENUM,VIDEOSTATE:ENUM,Weather_tState:ENUM,Wingman_Role:ENUM,blockadeMode_t:ENUM,copType:ENUM,crimeType:ENUM,cruiseMode_t:ENUM,eRampType:ENUM; retail_duplicate_typedefs=248; source_duplicate_typedefs=517
recon/frontend/common/femenuoptions.cpp	FeMenuOptions.obj	DIFF	165	165	0	0	2	2	607	530	383	3	9	439	380	598	named_extra=AICop_RoadBlockState,AIDataRecord_RecordMethod_t,AIDataRecord_WhichRecord_t,AIHigh_CopGameType_t,AIHigh_tAttackMode,AIHigh_tDriveAwayMode,Gear_t,MANAGERTASK,PRODUCTLOC,PinkSlipsCarSelectState,PinkSlipsErrorCode,VALIDITY,VIDEOSTATE,Weather_tState,Wingman_Role,blockadeMode_t,copType,crimeType,cruiseMode_t,eRampType,forceFocus_t,s_type,stateType_t,tAppCommand,tCarListType,tCarStatType,tCheatCode,tFront_ProcessingType,tMenuTextState,tMenuTextType,tPMenuCommandType,tScreenCongratsMessage; retail_duplicate_named=tMenux1,tScreenx1,BO_tNewtonObjx1; anonymous_extra=ENTAG:4x1,ENTAG:4x1,ENTAG:4x1,ENTAG:4x1,ENTAG:4x1,STRTAG:8x1,STRTAG:216x1,STRTAG:512x1; typedefs=tPA32:PTR ARY SHORT; typedefs_extra=tMemIcon:ARY ARY ARY CHAR,CarLogic_tObservations:ARY ARY INT,FEMATRIX:ARY ARY INT,Night_tCopLightingTable:ARY ARY UCHAR,Night_tLightingTable:ARY ARY UCHAR,FEVECTOR:ARY INT,tPA32:ARY PTR SHORT,tPItemList:ARY PTR STRUCT,Night_tWeatherLightingTable:ARY UCHAR,DECDCTTAB:ARY USHORT,AICop_RoadBlockState:ENUM,AIDataRecord_RecordMethod_t:ENUM,AIDataRecord_WhichRecord_t:ENUM,AIHigh_CopGameType_t:ENUM,AIHigh_tAttackMode:ENUM,AIHigh_tDriveAwayMode:ENUM,Gear_t:ENUM,MANAGERTASK:ENUM,PRODUCTLOC:ENUM,PinkSlipsCarSelectState:ENUM,PinkSlipsErrorCode:ENUM,VALIDITY:ENUM,VIDEOSTATE:ENUM,Weather_tState:ENUM,Wingman_Role:ENUM,blockadeMode_t:ENUM,copType:ENUM,crimeType:ENUM,cruiseMode_t:ENUM,eRampType:ENUM,forceFocus_t:ENUM,s_type:ENUM; retail_duplicate_typedefs=380; source_duplicate_typedefs=598
recon/frontend/common/femission.cpp	FEMission.obj	DIFF	56	56	0	0	2	2	173	137	491	1	9	561	70	345	named_extra=AICop_RoadBlockState,AIDataRecord_RecordMethod_t,AIDataRecord_WhichRecord_t,AIHigh_CopGameType_t,AIHigh_tAttackMode,AIHigh_tDriveAwayMode,AIScript_tAIReaction,AIScript_tPlayAction,Gear_t,MANAGERTASK,PRODUCTLOC,PinkSlipsCarSelectState,PinkSlipsErrorCode,Udff_tAccessType,VALIDITY,VIDEOSTATE,Weather_tState,Wingman_Role,blockadeMode_t,copType,crimeType,cruiseMode_t,donutMode_t,eRampType,forceFocus_t,s_type,speechIntensityType,speechModeType,speechSourceType,stateType_t,tAppCommand,tCarClassType; retail_duplicate_named=tMenux1; anonymous_extra=ENTAG:4x1,ENTAG:4x1,ENTAG:4x1,ENTAG:4x1,ENTAG:4x1,STRTAG:8x1,STRTAG:216x1,STRTAG:512x1; typedefs_extra=tMemIcon:ARY ARY ARY CHAR,CarLogic_tObservations:ARY ARY INT,FEMATRIX:ARY ARY INT,Night_tCopLightingTable:ARY ARY UCHAR,Night_tLightingTable:ARY ARY UCHAR,FEVECTOR:ARY INT,AIPerson_tGlueTable:ARY INT,tPA32:ARY PTR SHORT,tPItemList:ARY PTR STRUCT,tTextLocation:ARY SHORT,tArrowLocation:ARY SHORT,Car_tAccTable:ARY SHORT,AIScript_tScriptData:ARY STRUCT,tSaveRecords:ARY STRUCT,Night_tWeatherLightingTable:ARY UCHAR,DECDCTTAB:ARY USHORT,AICop_RoadBlockState:ENUM,AIDataRecord_RecordMethod_t:ENUM,AIDataRecord_WhichRecord_t:ENUM,AIHigh_CopGameType_t:ENUM,AIHigh_tAttackMode:ENUM,AIHigh_tDriveAwayMode:ENUM,AIScript_tAIReaction:ENUM,AIScript_tPlayAction:ENUM,Gear_t:ENUM,MANAGERTASK:ENUM,PRODUCTLOC:ENUM,PinkSlipsCarSelectState:ENUM,PinkSlipsErrorCode:ENUM,Udff_tAccessType:ENUM,VALIDITY:ENUM,VIDEOSTATE:ENUM; retail_duplicate_typedefs=70; source_duplicate_typedefs=345
recon/frontend/common/fescreen.cpp	FEScreen.obj	DIFF	66	66	0	0	2	2	260	203	481	2	9	551	147	400	named_extra=AICop_RoadBlockState,AIDataRecord_RecordMethod_t,AIDataRecord_WhichRecord_t,AIHigh_CopGameType_t,AIHigh_tAttackMode,AIHigh_tDriveAwayMode,AIScript_tAIReaction,AIScript_tPlayAction,Gear_t,MANAGERTASK,PRODUCTLOC,PinkSlipsCarSelectState,PinkSlipsErrorCode,Udff_tAccessType,VALIDITY,VIDEOSTATE,Weather_tState,Wingman_Role,blockadeMode_t,copType,crimeType,cruiseMode_t,donutMode_t,eRampType,forceFocus_t,s_type,speechIntensityType,speechModeType,speechSourceType,stateType_t,tAppCommand,tCarClassType; retail_duplicate_named=tMenux1,tScreenx1; anonymous_extra=ENTAG:4x1,ENTAG:4x1,ENTAG:4x1,ENTAG:4x1,ENTAG:4x1,STRTAG:8x1,STRTAG:216x1,STRTAG:512x1; typedefs_extra=tMemIcon:ARY ARY ARY CHAR,CarLogic_tObservations:ARY ARY INT,FEMATRIX:ARY ARY INT,Night_tCopLightingTable:ARY ARY UCHAR,Night_tLightingTable:ARY ARY UCHAR,FEVECTOR:ARY INT,AIPerson_tGlueTable:ARY INT,tPA32:ARY PTR SHORT,tPItemList:ARY PTR STRUCT,tTextLocation:ARY SHORT,tArrowLocation:ARY SHORT,Car_tAccTable:ARY SHORT,AIScript_tScriptData:ARY STRUCT,tSaveRecords:ARY STRUCT,Night_tWeatherLightingTable:ARY UCHAR,DECDCTTAB:ARY USHORT,AICop_RoadBlockState:ENUM,AIDataRecord_RecordMethod_t:ENUM,AIDataRecord_WhichRecord_t:ENUM,AIHigh_CopGameType_t:ENUM,AIHigh_tAttackMode:ENUM,AIHigh_tDriveAwayMode:ENUM,AIScript_tAIReaction:ENUM,AIScript_tPlayAction:ENUM,Gear_t:ENUM,MANAGERTASK:ENUM,PRODUCTLOC:ENUM,PinkSlipsCarSelectState:ENUM,PinkSlipsErrorCode:ENUM,Udff_tAccessType:ENUM,VALIDITY:ENUM,VIDEOSTATE:ENUM; retail_duplicate_typedefs=147; source_duplicate_typedefs=400
recon/frontend/common/fetextrender.cpp	FETextRender.obj	DIFF	93	93	0	0	2	2	261	190	454	3	9	516	112	335	named_extra=AICop_RoadBlockState,AIDataRecord_RecordMethod_t,AIDataRecord_WhichRecord_t,AIHigh_CopGameType_t,AIHigh_tAttackMode,AIHigh_tDriveAwayMode,Gear_t,MANAGERTASK,PRODUCTLOC,PinkSlipsCarSelectState,PinkSlipsErrorCode,VALIDITY,VIDEOSTATE,Weather_tState,Wingman_Role,blockadeMode_t,copType,crimeType,cruiseMode_t,eRampType,forceFocus_t,s_type,stateType_t,tAppCommand,tCarClassType,tCarListType,tCarModels,tCarNameLength,tCarStatType,tCheatCode,tFront_ProcessingType,tPMenuCommandType; retail_duplicate_named=BO_tNewtonObjx1,tMenux1,tScreenx1; anonymous_extra=ENTAG:4x1,ENTAG:4x1,ENTAG:4x1,ENTAG:4x1,ENTAG:4x1,STRTAG:8x1,STRTAG:216x1,STRTAG:512x1; typedefs=tPA32:PTR ARY SHORT; typedefs_extra=tMemIcon:ARY ARY ARY CHAR,CarLogic_tObservations:ARY ARY INT,FEMATRIX:ARY ARY INT,Night_tCopLightingTable:ARY ARY UCHAR,Night_tLightingTable:ARY ARY UCHAR,FEVECTOR:ARY INT,tPA32:ARY PTR SHORT,tPItemList:ARY PTR STRUCT,tTextLocation:ARY SHORT,tArrowLocation:ARY SHORT,tSaveRecords:ARY STRUCT,Night_tWeatherLightingTable:ARY UCHAR,DECDCTTAB:ARY USHORT,AICop_RoadBlockState:ENUM,AIDataRecord_RecordMethod_t:ENUM,AIDataRecord_WhichRecord_t:ENUM,AIHigh_CopGameType_t:ENUM,AIHigh_tAttackMode:ENUM,AIHigh_tDriveAwayMode:ENUM,Gear_t:ENUM,MANAGERTASK:ENUM,PRODUCTLOC:ENUM,PinkSlipsCarSelectState:ENUM,PinkSlipsErrorCode:ENUM,VALIDITY:ENUM,VIDEOSTATE:ENUM,Weather_tState:ENUM,Wingman_Role:ENUM,blockadeMode_t:ENUM,copType:ENUM,crimeType:ENUM,cruiseMode_t:ENUM; retail_duplicate_typedefs=112; source_duplicate_typedefs=335
recon/frontend/common/fetools.cpp	Fetools.obj	DIFF	99	99	0	0	2	2	244	197	448	5	9	508	87	330	named_extra=AICop_RoadBlockState,AIDataRecord_RecordMethod_t,AIDataRecord_WhichRecord_t,AIHigh_CopGameType_t,AIHigh_tAttackMode,AIHigh_tDriveAwayMode,Gear_t,MANAGERTASK,PRODUCTLOC,PinkSlipsCarSelectState,PinkSlipsErrorCode,VALIDITY,VIDEOSTATE,Weather_tState,Wingman_Role,blockadeMode_t,copType,crimeType,cruiseMode_t,eRampType,forceFocus_t,s_type,stateType_t,tAppCommand,tCarClassType,tCarListType,tCarStatType,tCheatCode,tFront_ProcessingType,tInputKeyType,tMenuTextState,tMenuTextType; retail_duplicate_named=TCBx1,BO_tNewtonObjx1,tMenux1,tScreenx1,tOldMenux1; anonymous_extra=ENTAG:4x1,ENTAG:4x1,ENTAG:4x1,ENTAG:4x1,ENTAG:4x1,STRTAG:8x1,STRTAG:216x1,STRTAG:512x1; typedefs=tPA32:PTR ARY SHORT; typedefs_extra=tMemIcon:ARY ARY ARY CHAR,CarLogic_tObservations:ARY ARY INT,FEMATRIX:ARY ARY INT,Night_tCopLightingTable:ARY ARY UCHAR,Night_tLightingTable:ARY ARY UCHAR,FEVECTOR:ARY INT,tPA32:ARY PTR SHORT,tPItemList:ARY PTR STRUCT,tTextLocation:ARY SHORT,tArrowLocation:ARY SHORT,tSaveRecords:ARY STRUCT,Night_tWeatherLightingTable:ARY UCHAR,DECDCTTAB:ARY USHORT,AICop_RoadBlockState:ENUM,AIDataRecord_RecordMethod_t:ENUM,AIDataRecord_WhichRecord_t:ENUM,AIHigh_CopGameType_t:ENUM,AIHigh_tAttackMode:ENUM,AIHigh_tDriveAwayMode:ENUM,Gear_t:ENUM,MANAGERTASK:ENUM,PRODUCTLOC:ENUM,PinkSlipsCarSelectState:ENUM,PinkSlipsErrorCode:ENUM,VALIDITY:ENUM,VIDEOSTATE:ENUM,Weather_tState:ENUM,Wingman_Role:ENUM,blockadeMode_t:ENUM,copType:ENUM,crimeType:ENUM,cruiseMode_t:ENUM; retail_duplicate_typedefs=87; source_duplicate_typedefs=330
recon/frontend/common/fetourn.cpp	FETourn.obj	DIFF	102	102	0	0	2	2	381	309	445	2	9	506	222	446	named_extra=AICop_RoadBlockState,AIDataRecord_RecordMethod_t,AIDataRecord_WhichRecord_t,AIHigh_CopGameType_t,AIHigh_tAttackMode,AIHigh_tDriveAwayMode,Gear_t,MANAGERTASK,PRODUCTLOC,PinkSlipsCarSelectState,PinkSlipsErrorCode,VALIDITY,VIDEOSTATE,Weather_tState,Wingman_Role,blockadeMode_t,copType,crimeType,cruiseMode_t,eRampType,forceFocus_t,s_type,stateType_t,tAppCommand,tCarListType,tCarStatType,tCheatCode,tFront_ProcessingType,tInputKeyType,tMenuTextState,tMenuTextType,tPMenuCommandType; retail_duplicate_named=BO_tNewtonObjx1,tMenux1; anonymous_extra=ENTAG:4x1,ENTAG:4x1,ENTAG:4x1,ENTAG:4x1,ENTAG:4x1,STRTAG:8x1,STRTAG:216x1,STRTAG:512x1; typedefs=tPA32:PTR ARY SHORT; typedefs_extra=tMemIcon:ARY ARY ARY CHAR,CarLogic_tObservations:ARY ARY INT,FEMATRIX:ARY ARY INT,Night_tCopLightingTable:ARY ARY UCHAR,Night_tLightingTable:ARY ARY UCHAR,FEVECTOR:ARY INT,tPA32:ARY PTR SHORT,tPItemList:ARY PTR STRUCT,tTextLocation:ARY SHORT,tArrowLocation:ARY SHORT,Night_tWeatherLightingTable:ARY UCHAR,DECDCTTAB:ARY USHORT,AICop_RoadBlockState:ENUM,AIDataRecord_RecordMethod_t:ENUM,AIDataRecord_WhichRecord_t:ENUM,AIHigh_CopGameType_t:ENUM,AIHigh_tAttackMode:ENUM,AIHigh_tDriveAwayMode:ENUM,Gear_t:ENUM,MANAGERTASK:ENUM,PRODUCTLOC:ENUM,PinkSlipsCarSelectState:ENUM,PinkSlipsErrorCode:ENUM,VALIDITY:ENUM,VIDEOSTATE:ENUM,Weather_tState:ENUM,Wingman_Role:ENUM,blockadeMode_t:ENUM,copType:ENUM,crimeType:ENUM,cruiseMode_t:ENUM,eRampType:ENUM; retail_duplicate_typedefs=222; source_duplicate_typedefs=446
recon/frontend/common/fetracks.cpp	FETracks.obj	DIFF	58	58	0	0	2	2	200	161	489	1	9	559	95	367	named_extra=AICop_RoadBlockState,AIDataRecord_RecordMethod_t,AIDataRecord_WhichRecord_t,AIHigh_CopGameType_t,AIHigh_tAttackMode,AIHigh_tDriveAwayMode,AIScript_tAIReaction,AIScript_tPlayAction,Gear_t,MANAGERTASK,PRODUCTLOC,PinkSlipsCarSelectState,PinkSlipsErrorCode,Udff_tAccessType,VALIDITY,VIDEOSTATE,Weather_tState,Wingman_Role,blockadeMode_t,copType,crimeType,cruiseMode_t,donutMode_t,eRampType,forceFocus_t,s_type,speechIntensityType,speechModeType,speechSourceType,stateType_t,tAppCommand,tCarClassType; retail_duplicate_named=tMenux1; anonymous_extra=ENTAG:4x1,ENTAG:4x1,ENTAG:4x1,ENTAG:4x1,ENTAG:4x1,STRTAG:8x1,STRTAG:216x1,STRTAG:512x1; typedefs_extra=tMemIcon:ARY ARY ARY CHAR,CarLogic_tObservations:ARY ARY INT,FEMATRIX:ARY ARY INT,Night_tCopLightingTable:ARY ARY UCHAR,Night_tLightingTable:ARY ARY UCHAR,FEVECTOR:ARY INT,AIPerson_tGlueTable:ARY INT,tPA32:ARY PTR SHORT,tPItemList:ARY PTR STRUCT,tTextLocation:ARY SHORT,tArrowLocation:ARY SHORT,Car_tAccTable:ARY SHORT,AIScript_tScriptData:ARY STRUCT,tSaveRecords:ARY STRUCT,Night_tWeatherLightingTable:ARY UCHAR,DECDCTTAB:ARY USHORT,AICop_RoadBlockState:ENUM,AIDataRecord_RecordMethod_t:ENUM,AIDataRecord_WhichRecord_t:ENUM,AIHigh_CopGameType_t:ENUM,AIHigh_tAttackMode:ENUM,AIHigh_tDriveAwayMode:ENUM,AIScript_tAIReaction:ENUM,AIScript_tPlayAction:ENUM,Gear_t:ENUM,MANAGERTASK:ENUM,PRODUCTLOC:ENUM,PinkSlipsCarSelectState:ENUM,PinkSlipsErrorCode:ENUM,Udff_tAccessType:ENUM,VALIDITY:ENUM,VIDEOSTATE:ENUM; retail_duplicate_typedefs=95; source_duplicate_typedefs=367
recon/frontend/common/fetv.cpp	FETv.obj	DIFF	40	40	0	0	2	2	102	94	507	0	10	579	16	338	named_extra=AICop_RoadBlockState,AIDataRecord_RecordMethod_t,AIDataRecord_WhichRecord_t,AIHigh_CopGameType_t,AIHigh_tAttackMode,AIHigh_tDriveAwayMode,AIScript_tAIReaction,AIScript_tPlayAction,Gear_t,MANAGERTASK,PRODUCTLOC,PinkSlipsCarSelectState,PinkSlipsErrorCode,Udff_tAccessType,VALIDITY,VIDEOSTATE,Weather_tState,Wingman_Role,blockadeMode_t,copType,crimeType,cruiseMode_t,donutMode_t,eRampType,forceFocus_t,s_type,speechIntensityType,speechModeType,speechSourceType,stateType_t,tAppCommand,tCarClassType; anonymous_extra=ENTAG:4x1,ENTAG:4x1,ENTAG:4x1,ENTAG:4x1,ENTAG:4x1,STRTAG:8x1,STRTAG:216x1,STRTAG:512x1; typedefs_extra=tMemIcon:ARY ARY ARY CHAR,CarLogic_tObservations:ARY ARY INT,FEMATRIX:ARY ARY INT,Night_tCopLightingTable:ARY ARY UCHAR,Night_tLightingTable:ARY ARY UCHAR,FEVECTOR:ARY INT,AIPerson_tGlueTable:ARY INT,tPA32:ARY PTR SHORT,tItemList:ARY PTR STRUCT,tPItemList:ARY PTR STRUCT,tTextLocation:ARY SHORT,tArrowLocation:ARY SHORT,Car_tAccTable:ARY SHORT,AIScript_tScriptData:ARY STRUCT,tSaveRecords:ARY STRUCT,Night_tWeatherLightingTable:ARY UCHAR,DECDCTTAB:ARY USHORT,AICop_RoadBlockState:ENUM,AIDataRecord_RecordMethod_t:ENUM,AIDataRecord_WhichRecord_t:ENUM,AIHigh_CopGameType_t:ENUM,AIHigh_tAttackMode:ENUM,AIHigh_tDriveAwayMode:ENUM,AIScript_tAIReaction:ENUM,AIScript_tPlayAction:ENUM,Gear_t:ENUM,MANAGERTASK:ENUM,PRODUCTLOC:ENUM,PinkSlipsCarSelectState:ENUM,PinkSlipsErrorCode:ENUM,Udff_tAccessType:ENUM,VALIDITY:ENUM; retail_duplicate_typedefs=16; source_duplicate_typedefs=338
recon/frontend/common/fevideowall.cpp	FEVideoWall.obj	DIFF	38	38	0	0	2	2	125	115	509	0	9	580	41	358	named_extra=AICop_RoadBlockState,AIDataRecord_RecordMethod_t,AIDataRecord_WhichRecord_t,AIHigh_CopGameType_t,AIHigh_tAttackMode,AIHigh_tDriveAwayMode,AIScript_tAIReaction,AIScript_tPlayAction,Gear_t,MANAGERTASK,PRODUCTLOC,PinkSlipsCarSelectState,PinkSlipsErrorCode,Udff_tAccessType,VALIDITY,VIDEOSTATE,Weather_tState,Wingman_Role,blockadeMode_t,copType,crimeType,cruiseMode_t,donutMode_t,eRampType,forceFocus_t,s_type,speechIntensityType,speechModeType,speechSourceType,stateType_t,tAppCommand,tCarClassType; anonymous_extra=ENTAG:4x1,ENTAG:4x1,ENTAG:4x1,ENTAG:4x1,ENTAG:4x1,STRTAG:8x1,STRTAG:216x1,STRTAG:512x1; typedefs_extra=tMemIcon:ARY ARY ARY CHAR,CarLogic_tObservations:ARY ARY INT,FEMATRIX:ARY ARY INT,Night_tCopLightingTable:ARY ARY UCHAR,Night_tLightingTable:ARY ARY UCHAR,FEVECTOR:ARY INT,AIPerson_tGlueTable:ARY INT,tPA32:ARY PTR SHORT,tItemList:ARY PTR STRUCT,tPItemList:ARY PTR STRUCT,tTextLocation:ARY SHORT,tArrowLocation:ARY SHORT,Car_tAccTable:ARY SHORT,AIScript_tScriptData:ARY STRUCT,tSaveRecords:ARY STRUCT,Night_tWeatherLightingTable:ARY UCHAR,DECDCTTAB:ARY USHORT,AICop_RoadBlockState:ENUM,AIDataRecord_RecordMethod_t:ENUM,AIDataRecord_WhichRecord_t:ENUM,AIHigh_CopGameType_t:ENUM,AIHigh_tAttackMode:ENUM,AIHigh_tDriveAwayMode:ENUM,AIScript_tAIReaction:ENUM,AIScript_tPlayAction:ENUM,Gear_t:ENUM,MANAGERTASK:ENUM,PRODUCTLOC:ENUM,PinkSlipsCarSelectState:ENUM,PinkSlipsErrorCode:ENUM,Udff_tAccessType:ENUM,VALIDITY:ENUM; retail_duplicate_typedefs=41; source_duplicate_typedefs=358
recon/frontend/common/front.cpp	Front.obj	DIFF	214	214	0	0	2	2	604	508	333	4	9	385	324	470	named_extra=AICop_RoadBlockState,AIDataRecord_RecordMethod_t,AIDataRecord_WhichRecord_t,AIHigh_CopGameType_t,AIHigh_tAttackMode,AIHigh_tDriveAwayMode,Gear_t,PinkSlipsCarSelectState,PinkSlipsErrorCode,VALIDITY,VIDEOSTATE,Weather_tState,Wingman_Role,blockadeMode_t,copType,cruiseMode_t,eRampType,forceFocus_t,s_type,stateType_t,tAppCommand,tCarListType,tCarStatType,tCheatCode,tMenuTextState,tMenuTextType,tPMenuCommandType,tPlayer,tScreen_TransitionType,tTrophySize,triggerType,AICop_BasicPerpInfo; retail_duplicate_named=tMenux1,tScreenx1,BO_tNewtonObjx1,TCBx1; anonymous_extra=ENTAG:4x1,ENTAG:4x1,ENTAG:4x1,ENTAG:4x1,ENTAG:4x1,STRTAG:8x1,STRTAG:216x1,STRTAG:512x1; typedefs=tPA32:PTR ARY SHORT; typedefs_extra=tMemIcon:ARY ARY ARY CHAR,CarLogic_tObservations:ARY ARY INT,FEMATRIX:ARY ARY INT,Night_tCopLightingTable:ARY ARY UCHAR,Night_tLightingTable:ARY ARY UCHAR,FEVECTOR:ARY INT,tPA32:ARY PTR SHORT,tPItemList:ARY PTR STRUCT,Night_tWeatherLightingTable:ARY UCHAR,DECDCTTAB:ARY USHORT,AICop_RoadBlockState:ENUM,AIDataRecord_RecordMethod_t:ENUM,AIDataRecord_WhichRecord_t:ENUM,AIHigh_CopGameType_t:ENUM,AIHigh_tAttackMode:ENUM,AIHigh_tDriveAwayMode:ENUM,Gear_t:ENUM,PinkSlipsCarSelectState:ENUM,PinkSlipsErrorCode:ENUM,VALIDITY:ENUM,VIDEOSTATE:ENUM,Weather_tState:ENUM,Wingman_Role:ENUM,blockadeMode_t:ENUM,copType:ENUM,cruiseMode_t:ENUM,eRampType:ENUM,forceFocus_t:ENUM,s_type:ENUM,stateType_t:ENUM,tAppCommand:ENUM,tCarListType:ENUM; retail_duplicate_typedefs=324; source_duplicate_typedefs=470
recon/frontend/common/mcrd.cpp		OWNER_MAP	0	0	0	0	0	0	0	0	0	0	0	0	0	0	0 owner candidates
recon/frontend/common/screenaudio.cpp	ScreenAudio.obj	DIFF	155	155	0	0	2	2	400	320	392	3	9	454	189	352	named_extra=AICop_RoadBlockState,AIDataRecord_RecordMethod_t,AIDataRecord_WhichRecord_t,AIHigh_CopGameType_t,AIHigh_tAttackMode,AIHigh_tDriveAwayMode,Gear_t,MANAGERTASK,PRODUCTLOC,PinkSlipsCarSelectState,PinkSlipsErrorCode,VALIDITY,VIDEOSTATE,Weather_tState,Wingman_Role,blockadeMode_t,copType,crimeType,cruiseMode_t,eRampType,forceFocus_t,s_type,stateType_t,tAppCommand,tCarListType,tCarStatType,tCheatCode,tFront_ProcessingType,tInputKeyType,tMenuTextState,tMenuTextType,tPMenuCommandType; retail_duplicate_named=tMenux1,tScreenx1,BO_tNewtonObjx1; anonymous_extra=ENTAG:4x1,ENTAG:4x1,ENTAG:4x1,ENTAG:4x1,ENTAG:4x1,STRTAG:8x1,STRTAG:216x1,STRTAG:512x1; typedefs=tPA32:PTR ARY SHORT; typedefs_extra=tMemIcon:ARY ARY ARY CHAR,CarLogic_tObservations:ARY ARY INT,FEMATRIX:ARY ARY INT,Night_tCopLightingTable:ARY ARY UCHAR,Night_tLightingTable:ARY ARY UCHAR,FEVECTOR:ARY INT,tPA32:ARY PTR SHORT,tPItemList:ARY PTR STRUCT,tTextLocation:ARY SHORT,tArrowLocation:ARY SHORT,tSaveRecords:ARY STRUCT,Night_tWeatherLightingTable:ARY UCHAR,DECDCTTAB:ARY USHORT,AICop_RoadBlockState:ENUM,AIDataRecord_RecordMethod_t:ENUM,AIDataRecord_WhichRecord_t:ENUM,AIHigh_CopGameType_t:ENUM,AIHigh_tAttackMode:ENUM,AIHigh_tDriveAwayMode:ENUM,Gear_t:ENUM,MANAGERTASK:ENUM,PRODUCTLOC:ENUM,PinkSlipsCarSelectState:ENUM,PinkSlipsErrorCode:ENUM,VALIDITY:ENUM,VIDEOSTATE:ENUM,Weather_tState:ENUM,Wingman_Role:ENUM,blockadeMode_t:ENUM,copType:ENUM,crimeType:ENUM,cruiseMode_t:ENUM; retail_duplicate_typedefs=189; source_duplicate_typedefs=352
recon/frontend/common/screencarselect.cpp	ScreenCarSelect.obj	DIFF	179	179	0	0	2	2	580	488	369	4	10	426	339	528	named_extra=AICop_RoadBlockState,AIDataRecord_RecordMethod_t,AIDataRecord_WhichRecord_t,AIHigh_CopGameType_t,AIHigh_tAttackMode,AIHigh_tDriveAwayMode,Gear_t,PinkSlipsErrorCode,VALIDITY,VIDEOSTATE,Weather_tState,Wingman_Role,blockadeMode_t,copType,crimeType,cruiseMode_t,eRampType,forceFocus_t,s_type,stateType_t,tAppCommand,tCarListType,tCheatCode,tFront_ProcessingType,tMenuTextState,tMenuTextType,tPMenuCommandType,tScreenCongratsMessage,tScreen_TransitionType,tSmallSpinningThing,tTrophyClass,tTrophySize; retail_duplicate_named=tMenux1,tScreenx1,TCBx1,BO_tNewtonObjx1; anonymous_extra=ENTAG:4x1,ENTAG:4x1,ENTAG:4x1,ENTAG:4x1,ENTAG:4x1,STRTAG:8x1,STRTAG:216x1,STRTAG:512x1; typedefs=tPA32:PTR ARY SHORT; typedefs_extra=tMemIcon:ARY ARY ARY CHAR,CarLogic_tObservations:ARY ARY INT,Night_tCopLightingTable:ARY ARY UCHAR,Night_tLightingTable:ARY ARY UCHAR,tPA32:ARY PTR SHORT,tPItemList:ARY PTR STRUCT,tTextLocation:ARY SHORT,tArrowLocation:ARY SHORT,Night_tWeatherLightingTable:ARY UCHAR,DECDCTTAB:ARY USHORT,AICop_RoadBlockState:ENUM,AIDataRecord_RecordMethod_t:ENUM,AIDataRecord_WhichRecord_t:ENUM,AIHigh_CopGameType_t:ENUM,AIHigh_tAttackMode:ENUM,AIHigh_tDriveAwayMode:ENUM,Gear_t:ENUM,PinkSlipsErrorCode:ENUM,VALIDITY:ENUM,VIDEOSTATE:ENUM,Weather_tState:ENUM,Wingman_Role:ENUM,blockadeMode_t:ENUM,copType:ENUM,crimeType:ENUM,cruiseMode_t:ENUM,eRampType:ENUM,forceFocus_t:ENUM,s_type:ENUM,stateType_t:ENUM,tAppCommand:ENUM,tCarListType:ENUM; retail_duplicate_typedefs=339; source_duplicate_typedefs=528
recon/frontend/common/screencongrats.cpp	ScreenCongrats.obj	DIFF	181	181	0	0	2	2	496	405	366	4	9	424	255	410	named_extra=AICop_RoadBlockState,AIDataRecord_RecordMethod_t,AIDataRecord_WhichRecord_t,AIHigh_CopGameType_t,AIHigh_tAttackMode,AIHigh_tDriveAwayMode,Gear_t,PinkSlipsCarSelectState,PinkSlipsErrorCode,VALIDITY,VIDEOSTATE,Weather_tState,Wingman_Role,blockadeMode_t,copType,crimeType,cruiseMode_t,eRampType,forceFocus_t,s_type,stateType_t,tAppCommand,tCarListType,tCarStatType,tCheatCode,tFront_ProcessingType,tMenuTextState,tMenuTextType,tPMenuCommandType,tScreen_TransitionType,tTrophySize,triggerType; retail_duplicate_named=tMenux1,tScreenx1,BO_tNewtonObjx1,TCBx1; anonymous_extra=ENTAG:4x1,ENTAG:4x1,ENTAG:4x1,ENTAG:4x1,ENTAG:4x1,STRTAG:8x1,STRTAG:216x1,STRTAG:512x1; typedefs=tPA32:PTR ARY SHORT; typedefs_extra=tMemIcon:ARY ARY ARY CHAR,CarLogic_tObservations:ARY ARY INT,FEMATRIX:ARY ARY INT,Night_tCopLightingTable:ARY ARY UCHAR,Night_tLightingTable:ARY ARY UCHAR,FEVECTOR:ARY INT,tPA32:ARY PTR SHORT,tPItemList:ARY PTR STRUCT,tTextLocation:ARY SHORT,tArrowLocation:ARY SHORT,Night_tWeatherLightingTable:ARY UCHAR,DECDCTTAB:ARY USHORT,AICop_RoadBlockState:ENUM,AIDataRecord_RecordMethod_t:ENUM,AIDataRecord_WhichRecord_t:ENUM,AIHigh_CopGameType_t:ENUM,AIHigh_tAttackMode:ENUM,AIHigh_tDriveAwayMode:ENUM,Gear_t:ENUM,PinkSlipsCarSelectState:ENUM,PinkSlipsErrorCode:ENUM,VALIDITY:ENUM,VIDEOSTATE:ENUM,Weather_tState:ENUM,Wingman_Role:ENUM,blockadeMode_t:ENUM,copType:ENUM,crimeType:ENUM,cruiseMode_t:ENUM,eRampType:ENUM,forceFocus_t:ENUM,s_type:ENUM; retail_duplicate_typedefs=255; source_duplicate_typedefs=410
recon/frontend/common/screencontroller.cpp	ScreenController.obj	DIFF	158	158	0	0	2	2	452	361	389	3	9	446	233	380	named_extra=AICop_RoadBlockState,AIDataRecord_RecordMethod_t,AIDataRecord_WhichRecord_t,AIHigh_CopGameType_t,AIHigh_tAttackMode,AIHigh_tDriveAwayMode,Gear_t,MANAGERTASK,PRODUCTLOC,PinkSlipsCarSelectState,PinkSlipsErrorCode,VALIDITY,VIDEOSTATE,Weather_tState,Wingman_Role,blockadeMode_t,copType,crimeType,cruiseMode_t,eRampType,forceFocus_t,s_type,stateType_t,tAppCommand,tCarListType,tCarStatType,tCheatCode,tFront_ProcessingType,tMenuTextState,tMenuTextType,tPMenuCommandType,tPlayer; retail_duplicate_named=tMenux1,tScreenx1,BO_tNewtonObjx1; anonymous_extra=ENTAG:4x1,ENTAG:4x1,ENTAG:4x1,ENTAG:4x1,ENTAG:4x1,STRTAG:8x1,STRTAG:216x1,STRTAG:512x1; typedefs=tPA32:PTR ARY SHORT; typedefs_extra=tMemIcon:ARY ARY ARY CHAR,CarLogic_tObservations:ARY ARY INT,FEMATRIX:ARY ARY INT,Night_tCopLightingTable:ARY ARY UCHAR,Night_tLightingTable:ARY ARY UCHAR,FEVECTOR:ARY INT,tPA32:ARY PTR SHORT,tPItemList:ARY PTR STRUCT,tSaveRecords:ARY STRUCT,Night_tWeatherLightingTable:ARY UCHAR,DECDCTTAB:ARY USHORT,AICop_RoadBlockState:ENUM,AIDataRecord_RecordMethod_t:ENUM,AIDataRecord_WhichRecord_t:ENUM,AIHigh_CopGameType_t:ENUM,AIHigh_tAttackMode:ENUM,AIHigh_tDriveAwayMode:ENUM,Gear_t:ENUM,MANAGERTASK:ENUM,PRODUCTLOC:ENUM,PinkSlipsCarSelectState:ENUM,PinkSlipsErrorCode:ENUM,VALIDITY:ENUM,VIDEOSTATE:ENUM,Weather_tState:ENUM,Wingman_Role:ENUM,blockadeMode_t:ENUM,copType:ENUM,crimeType:ENUM,cruiseMode_t:ENUM,eRampType:ENUM,forceFocus_t:ENUM; retail_duplicate_typedefs=233; source_duplicate_typedefs=380
recon/frontend/common/screendisplay.cpp	ScreenDisplay.obj	DIFF	113	113	0	0	2	2	308	235	434	2	9	504	148	332	named_extra=AICop_RoadBlockState,AIDataRecord_RecordMethod_t,AIDataRecord_WhichRecord_t,AIHigh_CopGameType_t,AIHigh_tAttackMode,AIHigh_tDriveAwayMode,AIScript_tAIReaction,AIScript_tPlayAction,Gear_t,MANAGERTASK,PRODUCTLOC,PinkSlipsCarSelectState,PinkSlipsErrorCode,Udff_tAccessType,VALIDITY,VIDEOSTATE,Weather_tState,Wingman_Role,blockadeMode_t,copType,crimeType,cruiseMode_t,donutMode_t,eRampType,forceFocus_t,s_type,speechIntensityType,speechModeType,speechSourceType,stateType_t,tAppCommand,tCarListType; retail_duplicate_named=tMenux1,tScreenx1; anonymous_extra=ENTAG:4x1,ENTAG:4x1,ENTAG:4x1,ENTAG:4x1,ENTAG:4x1,STRTAG:8x1,STRTAG:216x1,STRTAG:512x1; typedefs_extra=tMemIcon:ARY ARY ARY CHAR,CarLogic_tObservations:ARY ARY INT,FEMATRIX:ARY ARY INT,Night_tCopLightingTable:ARY ARY UCHAR,Night_tLightingTable:ARY ARY UCHAR,FEVECTOR:ARY INT,AIPerson_tGlueTable:ARY INT,tPA32:ARY PTR SHORT,tPItemList:ARY PTR STRUCT,tTextLocation:ARY SHORT,tArrowLocation:ARY SHORT,Car_tAccTable:ARY SHORT,AIScript_tScriptData:ARY STRUCT,tSaveRecords:ARY STRUCT,Night_tWeatherLightingTable:ARY UCHAR,DECDCTTAB:ARY USHORT,AICop_RoadBlockState:ENUM,AIDataRecord_RecordMethod_t:ENUM,AIDataRecord_WhichRecord_t:ENUM,AIHigh_CopGameType_t:ENUM,AIHigh_tAttackMode:ENUM,AIHigh_tDriveAwayMode:ENUM,AIScript_tAIReaction:ENUM,AIScript_tPlayAction:ENUM,Gear_t:ENUM,MANAGERTASK:ENUM,PRODUCTLOC:ENUM,PinkSlipsCarSelectState:ENUM,PinkSlipsErrorCode:ENUM,Udff_tAccessType:ENUM,VALIDITY:ENUM,VIDEOSTATE:ENUM; retail_duplicate_typedefs=148; source_duplicate_typedefs=332
recon/frontend/common/screenmain.cpp	ScreenMain.obj	DIFF	122	122	0	0	2	2	395	309	425	2	9	493	224	398	named_extra=AICop_RoadBlockState,AIDataRecord_RecordMethod_t,AIDataRecord_WhichRecord_t,AIHigh_CopGameType_t,AIHigh_tAttackMode,AIHigh_tDriveAwayMode,AIScript_tAIReaction,AIScript_tPlayAction,Gear_t,MANAGERTASK,PRODUCTLOC,PinkSlipsCarSelectState,PinkSlipsErrorCode,Udff_tAccessType,VALIDITY,VIDEOSTATE,Weather_tState,Wingman_Role,blockadeMode_t,copType,crimeType,cruiseMode_t,donutMode_t,eRampType,forceFocus_t,s_type,speechIntensityType,speechModeType,speechSourceType,stateType_t,tAppCommand,tCarListType; retail_duplicate_named=tMenux1,tScreenx1; anonymous_extra=ENTAG:4x1,ENTAG:4x1,ENTAG:4x1,ENTAG:4x1,ENTAG:4x1,STRTAG:8x1,STRTAG:216x1,STRTAG:512x1; typedefs_extra=tMemIcon:ARY ARY ARY CHAR,CarLogic_tObservations:ARY ARY INT,FEMATRIX:ARY ARY INT,Night_tCopLightingTable:ARY ARY UCHAR,Night_tLightingTable:ARY ARY UCHAR,FEVECTOR:ARY INT,AIPerson_tGlueTable:ARY INT,tPA32:ARY PTR SHORT,tPItemList:ARY PTR STRUCT,tTextLocation:ARY SHORT,tArrowLocation:ARY SHORT,Car_tAccTable:ARY SHORT,AIScript_tScriptData:ARY STRUCT,tSaveRecords:ARY STRUCT,Night_tWeatherLightingTable:ARY UCHAR,DECDCTTAB:ARY USHORT,AICop_RoadBlockState:ENUM,AIDataRecord_RecordMethod_t:ENUM,AIDataRecord_WhichRecord_t:ENUM,AIHigh_CopGameType_t:ENUM,AIHigh_tAttackMode:ENUM,AIHigh_tDriveAwayMode:ENUM,AIScript_tAIReaction:ENUM,AIScript_tPlayAction:ENUM,Gear_t:ENUM,MANAGERTASK:ENUM,PRODUCTLOC:ENUM,PinkSlipsCarSelectState:ENUM,PinkSlipsErrorCode:ENUM,Udff_tAccessType:ENUM,VALIDITY:ENUM,VIDEOSTATE:ENUM; retail_duplicate_typedefs=224; source_duplicate_typedefs=398
recon/frontend/common/screenmemcard.cpp	ScreenMemcard.obj	DIFF	171	171	0	0	2	2	456	368	376	4	10	432	220	373	named_extra=AICop_RoadBlockState,AIDataRecord_RecordMethod_t,AIDataRecord_WhichRecord_t,AIHigh_CopGameType_t,AIHigh_tAttackMode,AIHigh_tDriveAwayMode,Gear_t,PinkSlipsCarSelectState,PinkSlipsErrorCode,VALIDITY,VIDEOSTATE,Weather_tState,Wingman_Role,blockadeMode_t,copType,crimeType,cruiseMode_t,eRampType,forceFocus_t,s_type,stateType_t,tAppCommand,tCarListType,tCarStatType,tCheatCode,tFront_ProcessingType,tMenuTextState,tMenuTextType,tPMenuCommandType,tPlayer,tScreenCongratsMessage,tScreen_TransitionType; retail_duplicate_named=tMenux1,tScreenx1,TCBx1,BO_tNewtonObjx1; anonymous_extra=ENTAG:4x1,ENTAG:4x1,ENTAG:4x1,ENTAG:4x1,ENTAG:4x1,STRTAG:8x1,STRTAG:216x1,STRTAG:512x1; typedefs=tPA32:PTR ARY SHORT; typedefs_extra=CarLogic_tObservations:ARY ARY INT,FEMATRIX:ARY ARY INT,Night_tCopLightingTable:ARY ARY UCHAR,Night_tLightingTable:ARY ARY UCHAR,FEVECTOR:ARY INT,tPA32:ARY PTR SHORT,tPItemList:ARY PTR STRUCT,tTextLocation:ARY SHORT,tArrowLocation:ARY SHORT,Night_tWeatherLightingTable:ARY UCHAR,DECDCTTAB:ARY USHORT,AICop_RoadBlockState:ENUM,AIDataRecord_RecordMethod_t:ENUM,AIDataRecord_WhichRecord_t:ENUM,AIHigh_CopGameType_t:ENUM,AIHigh_tAttackMode:ENUM,AIHigh_tDriveAwayMode:ENUM,Gear_t:ENUM,PinkSlipsCarSelectState:ENUM,PinkSlipsErrorCode:ENUM,VALIDITY:ENUM,VIDEOSTATE:ENUM,Weather_tState:ENUM,Wingman_Role:ENUM,blockadeMode_t:ENUM,copType:ENUM,crimeType:ENUM,cruiseMode_t:ENUM,eRampType:ENUM,forceFocus_t:ENUM,s_type:ENUM,stateType_t:ENUM; retail_duplicate_typedefs=220; source_duplicate_typedefs=373
recon/frontend/common/screenpinkslips.cpp	ScreenPinkSlips.obj	DIFF	163	163	0	0	2	2	435	335	384	3	9	443	213	352	named_extra=AICop_RoadBlockState,AIDataRecord_RecordMethod_t,AIDataRecord_WhichRecord_t,AIHigh_CopGameType_t,AIHigh_tAttackMode,AIHigh_tDriveAwayMode,Gear_t,MANAGERTASK,PRODUCTLOC,PinkSlipsCarSelectState,PinkSlipsErrorCode,VALIDITY,VIDEOSTATE,Weather_tState,Wingman_Role,blockadeMode_t,copType,crimeType,cruiseMode_t,eRampType,forceFocus_t,s_type,stateType_t,tAppCommand,tCarListType,tCarStatType,tCheatCode,tFront_ProcessingType,tMenuTextType,tPMenuCommandType,tPlayer,tScreenCongratsMessage; retail_duplicate_named=tMenux1,tScreenx1,BO_tNewtonObjx1; anonymous_extra=ENTAG:4x1,ENTAG:4x1,ENTAG:4x1,ENTAG:4x1,ENTAG:4x1,STRTAG:8x1,STRTAG:216x1,STRTAG:512x1; typedefs=tPA32:PTR ARY SHORT; typedefs_extra=tMemIcon:ARY ARY ARY CHAR,CarLogic_tObservations:ARY ARY INT,FEMATRIX:ARY ARY INT,Night_tCopLightingTable:ARY ARY UCHAR,Night_tLightingTable:ARY ARY UCHAR,FEVECTOR:ARY INT,tPA32:ARY PTR SHORT,tPItemList:ARY PTR STRUCT,tTextLocation:ARY SHORT,tArrowLocation:ARY SHORT,Night_tWeatherLightingTable:ARY UCHAR,DECDCTTAB:ARY USHORT,AICop_RoadBlockState:ENUM,AIDataRecord_RecordMethod_t:ENUM,AIDataRecord_WhichRecord_t:ENUM,AIHigh_CopGameType_t:ENUM,AIHigh_tAttackMode:ENUM,AIHigh_tDriveAwayMode:ENUM,Gear_t:ENUM,MANAGERTASK:ENUM,PRODUCTLOC:ENUM,PinkSlipsCarSelectState:ENUM,PinkSlipsErrorCode:ENUM,VALIDITY:ENUM,VIDEOSTATE:ENUM,Weather_tState:ENUM,Wingman_Role:ENUM,blockadeMode_t:ENUM,copType:ENUM,crimeType:ENUM,cruiseMode_t:ENUM,eRampType:ENUM; retail_duplicate_typedefs=213; source_duplicate_typedefs=352
recon/frontend/common/screenpost.cpp	ScreenPost.obj	DIFF	156	156	0	0	2	2	416	335	391	3	9	453	203	361	named_extra=AICop_RoadBlockState,AIDataRecord_RecordMethod_t,AIDataRecord_WhichRecord_t,AIHigh_CopGameType_t,AIHigh_tAttackMode,AIHigh_tDriveAwayMode,Gear_t,MANAGERTASK,PRODUCTLOC,PinkSlipsCarSelectState,PinkSlipsErrorCode,VALIDITY,VIDEOSTATE,Weather_tState,Wingman_Role,blockadeMode_t,copType,crimeType,cruiseMode_t,eRampType,forceFocus_t,s_type,stateType_t,tAppCommand,tCarListType,tCarStatType,tCheatCode,tFront_ProcessingType,tPMenuCommandType,tScreenCongratsMessage,tScreen_TransitionType,tSmallSpinningThing; retail_duplicate_named=tMenux1,tScreenx1,BO_tNewtonObjx1; anonymous_extra=ENTAG:4x1,ENTAG:4x1,ENTAG:4x1,ENTAG:4x1,ENTAG:4x1,STRTAG:8x1,STRTAG:216x1,STRTAG:512x1; typedefs=tPA32:PTR ARY SHORT; typedefs_extra=tMemIcon:ARY ARY ARY CHAR,CarLogic_tObservations:ARY ARY INT,FEMATRIX:ARY ARY INT,Night_tCopLightingTable:ARY ARY UCHAR,Night_tLightingTable:ARY ARY UCHAR,FEVECTOR:ARY INT,tPA32:ARY PTR SHORT,tPItemList:ARY PTR STRUCT,tTextLocation:ARY SHORT,tArrowLocation:ARY SHORT,Night_tWeatherLightingTable:ARY UCHAR,DECDCTTAB:ARY USHORT,AICop_RoadBlockState:ENUM,AIDataRecord_RecordMethod_t:ENUM,AIDataRecord_WhichRecord_t:ENUM,AIHigh_CopGameType_t:ENUM,AIHigh_tAttackMode:ENUM,AIHigh_tDriveAwayMode:ENUM,Gear_t:ENUM,MANAGERTASK:ENUM,PRODUCTLOC:ENUM,PinkSlipsCarSelectState:ENUM,PinkSlipsErrorCode:ENUM,VALIDITY:ENUM,VIDEOSTATE:ENUM,Weather_tState:ENUM,Wingman_Role:ENUM,blockadeMode_t:ENUM,copType:ENUM,crimeType:ENUM,cruiseMode_t:ENUM,eRampType:ENUM; retail_duplicate_typedefs=203; source_duplicate_typedefs=361
recon/frontend/common/screentournselect.cpp	ScreenTournSelect.obj	DIFF	155	155	0	0	2	2	419	331	392	3	9	452	206	359	named_extra=AICop_RoadBlockState,AIDataRecord_RecordMethod_t,AIDataRecord_WhichRecord_t,AIHigh_CopGameType_t,AIHigh_tAttackMode,AIHigh_tDriveAwayMode,Gear_t,MANAGERTASK,PRODUCTLOC,PinkSlipsCarSelectState,PinkSlipsErrorCode,VALIDITY,VIDEOSTATE,Weather_tState,Wingman_Role,blockadeMode_t,copType,crimeType,cruiseMode_t,eRampType,forceFocus_t,s_type,stateType_t,tAppCommand,tCarListType,tCarStatType,tCheatCode,tFront_ProcessingType,tMenuTextState,tMenuTextType,tPMenuCommandType,tPlayer; retail_duplicate_named=tMenux1,tScreenx1,BO_tNewtonObjx1; anonymous_extra=ENTAG:4x1,ENTAG:4x1,ENTAG:4x1,ENTAG:4x1,ENTAG:4x1,STRTAG:8x1,STRTAG:216x1,STRTAG:512x1; typedefs=tPA32:PTR ARY SHORT; typedefs_extra=tMemIcon:ARY ARY ARY CHAR,CarLogic_tObservations:ARY ARY INT,FEMATRIX:ARY ARY INT,Night_tCopLightingTable:ARY ARY UCHAR,Night_tLightingTable:ARY ARY UCHAR,FEVECTOR:ARY INT,tPA32:ARY PTR SHORT,tPItemList:ARY PTR STRUCT,tTextLocation:ARY SHORT,tArrowLocation:ARY SHORT,tSaveRecords:ARY STRUCT,Night_tWeatherLightingTable:ARY UCHAR,DECDCTTAB:ARY USHORT,AICop_RoadBlockState:ENUM,AIDataRecord_RecordMethod_t:ENUM,AIDataRecord_WhichRecord_t:ENUM,AIHigh_CopGameType_t:ENUM,AIHigh_tAttackMode:ENUM,AIHigh_tDriveAwayMode:ENUM,Gear_t:ENUM,MANAGERTASK:ENUM,PRODUCTLOC:ENUM,PinkSlipsCarSelectState:ENUM,PinkSlipsErrorCode:ENUM,VALIDITY:ENUM,VIDEOSTATE:ENUM,Weather_tState:ENUM,Wingman_Role:ENUM,blockadeMode_t:ENUM,copType:ENUM,crimeType:ENUM,cruiseMode_t:ENUM; retail_duplicate_typedefs=206; source_duplicate_typedefs=359
recon/frontend/common/screentrackinfo.cpp	ScreenTrackInfo.obj	DIFF	117	117	0	0	2	2	321	249	430	2	9	500	157	342	named_extra=AICop_RoadBlockState,AIDataRecord_RecordMethod_t,AIDataRecord_WhichRecord_t,AIHigh_CopGameType_t,AIHigh_tAttackMode,AIHigh_tDriveAwayMode,AIScript_tAIReaction,AIScript_tPlayAction,Gear_t,MANAGERTASK,PRODUCTLOC,PinkSlipsCarSelectState,PinkSlipsErrorCode,Udff_tAccessType,VALIDITY,VIDEOSTATE,Weather_tState,Wingman_Role,blockadeMode_t,copType,crimeType,cruiseMode_t,donutMode_t,eRampType,forceFocus_t,s_type,speechIntensityType,speechModeType,speechSourceType,stateType_t,tAppCommand,tCarListType; retail_duplicate_named=tMenux1,tScreenx1; anonymous_extra=ENTAG:4x1,ENTAG:4x1,ENTAG:4x1,ENTAG:4x1,ENTAG:4x1,STRTAG:8x1,STRTAG:216x1,STRTAG:512x1; typedefs_extra=tMemIcon:ARY ARY ARY CHAR,CarLogic_tObservations:ARY ARY INT,FEMATRIX:ARY ARY INT,Night_tCopLightingTable:ARY ARY UCHAR,Night_tLightingTable:ARY ARY UCHAR,FEVECTOR:ARY INT,AIPerson_tGlueTable:ARY INT,tPA32:ARY PTR SHORT,tPItemList:ARY PTR STRUCT,tTextLocation:ARY SHORT,tArrowLocation:ARY SHORT,Car_tAccTable:ARY SHORT,AIScript_tScriptData:ARY STRUCT,tSaveRecords:ARY STRUCT,Night_tWeatherLightingTable:ARY UCHAR,DECDCTTAB:ARY USHORT,AICop_RoadBlockState:ENUM,AIDataRecord_RecordMethod_t:ENUM,AIDataRecord_WhichRecord_t:ENUM,AIHigh_CopGameType_t:ENUM,AIHigh_tAttackMode:ENUM,AIHigh_tDriveAwayMode:ENUM,AIScript_tAIReaction:ENUM,AIScript_tPlayAction:ENUM,Gear_t:ENUM,MANAGERTASK:ENUM,PRODUCTLOC:ENUM,PinkSlipsCarSelectState:ENUM,PinkSlipsErrorCode:ENUM,Udff_tAccessType:ENUM,VALIDITY:ENUM,VIDEOSTATE:ENUM; retail_duplicate_typedefs=157; source_duplicate_typedefs=342
recon/frontend/common/screentrackrecords.cpp	ScreenTrackRecords.obj	DIFF	155	155	0	0	2	2	408	323	392	4	9	450	193	345	named_extra=AICop_RoadBlockState,AIDataRecord_RecordMethod_t,AIDataRecord_WhichRecord_t,AIHigh_CopGameType_t,AIHigh_tAttackMode,AIHigh_tDriveAwayMode,Gear_t,MANAGERTASK,PRODUCTLOC,PinkSlipsCarSelectState,PinkSlipsErrorCode,VALIDITY,VIDEOSTATE,Weather_tState,Wingman_Role,blockadeMode_t,copType,crimeType,cruiseMode_t,eRampType,forceFocus_t,s_type,stateType_t,tAppCommand,tCarListType,tCarStatType,tCheatCode,tFront_ProcessingType,tInputKeyType,tMenuTextType,tPMenuCommandType,tPlayer; retail_duplicate_named=tMenux1,tScreenx1,tRecordBufferx1,BO_tNewtonObjx1; anonymous_extra=ENTAG:4x1,ENTAG:4x1,ENTAG:4x1,ENTAG:4x1,ENTAG:4x1,STRTAG:8x1,STRTAG:216x1,STRTAG:512x1; typedefs=tPA32:PTR ARY SHORT; typedefs_extra=tMemIcon:ARY ARY ARY CHAR,CarLogic_tObservations:ARY ARY INT,FEMATRIX:ARY ARY INT,Night_tCopLightingTable:ARY ARY UCHAR,Night_tLightingTable:ARY ARY UCHAR,FEVECTOR:ARY INT,tPA32:ARY PTR SHORT,tPItemList:ARY PTR STRUCT,tTextLocation:ARY SHORT,tArrowLocation:ARY SHORT,Night_tWeatherLightingTable:ARY UCHAR,DECDCTTAB:ARY USHORT,AICop_RoadBlockState:ENUM,AIDataRecord_RecordMethod_t:ENUM,AIDataRecord_WhichRecord_t:ENUM,AIHigh_CopGameType_t:ENUM,AIHigh_tAttackMode:ENUM,AIHigh_tDriveAwayMode:ENUM,Gear_t:ENUM,MANAGERTASK:ENUM,PRODUCTLOC:ENUM,PinkSlipsCarSelectState:ENUM,PinkSlipsErrorCode:ENUM,VALIDITY:ENUM,VIDEOSTATE:ENUM,Weather_tState:ENUM,Wingman_Role:ENUM,blockadeMode_t:ENUM,copType:ENUM,crimeType:ENUM,cruiseMode_t:ENUM,eRampType:ENUM; retail_duplicate_typedefs=193; source_duplicate_typedefs=345
recon/frontend/common/screentracks.cpp	ScreenTracks.obj	DIFF	164	164	0	0	2	2	438	344	383	3	10	443	215	366	named_extra=AICop_RoadBlockState,AIDataRecord_RecordMethod_t,AIDataRecord_WhichRecord_t,AIHigh_CopGameType_t,AIHigh_tAttackMode,AIHigh_tDriveAwayMode,Gear_t,MANAGERTASK,PRODUCTLOC,PinkSlipsCarSelectState,PinkSlipsErrorCode,VALIDITY,Weather_tState,Wingman_Role,blockadeMode_t,copType,crimeType,cruiseMode_t,eRampType,forceFocus_t,s_type,stateType_t,tAppCommand,tCarListType,tCarStatType,tCheatCode,tFront_ProcessingType,tMenuTextState,tMenuTextType,tPMenuCommandType,tPlayer,tScreenCongratsMessage; retail_duplicate_named=tMenux1,tScreenx1,BO_tNewtonObjx1; anonymous_extra=ENTAG:4x1,ENTAG:4x1,ENTAG:4x1,ENTAG:4x1,ENTAG:4x1,STRTAG:8x1,STRTAG:216x1,STRTAG:512x1; typedefs=tPA32:PTR ARY SHORT; typedefs_extra=tMemIcon:ARY ARY ARY CHAR,CarLogic_tObservations:ARY ARY INT,FEMATRIX:ARY ARY INT,Night_tCopLightingTable:ARY ARY UCHAR,Night_tLightingTable:ARY ARY UCHAR,FEVECTOR:ARY INT,tPA32:ARY PTR SHORT,tPItemList:ARY PTR STRUCT,tTextLocation:ARY SHORT,tArrowLocation:ARY SHORT,Night_tWeatherLightingTable:ARY UCHAR,DECDCTTAB:ARY USHORT,AICop_RoadBlockState:ENUM,AIDataRecord_RecordMethod_t:ENUM,AIDataRecord_WhichRecord_t:ENUM,AIHigh_CopGameType_t:ENUM,AIHigh_tAttackMode:ENUM,AIHigh_tDriveAwayMode:ENUM,Gear_t:ENUM,MANAGERTASK:ENUM,PRODUCTLOC:ENUM,PinkSlipsCarSelectState:ENUM,PinkSlipsErrorCode:ENUM,VALIDITY:ENUM,Weather_tState:ENUM,Wingman_Role:ENUM,blockadeMode_t:ENUM,copType:ENUM,crimeType:ENUM,cruiseMode_t:ENUM,eRampType:ENUM,forceFocus_t:ENUM; retail_duplicate_typedefs=215; source_duplicate_typedefs=366
recon/frontend/common/screentrophyinfo.cpp	ScreenTrophyInfo.obj	DIFF	108	108	0	0	2	2	285	220	439	3	9	501	121	341	named_extra=AICop_RoadBlockState,AIDataRecord_RecordMethod_t,AIDataRecord_WhichRecord_t,AIHigh_CopGameType_t,AIHigh_tAttackMode,AIHigh_tDriveAwayMode,Gear_t,MANAGERTASK,PRODUCTLOC,PinkSlipsCarSelectState,PinkSlipsErrorCode,VALIDITY,VIDEOSTATE,Weather_tState,Wingman_Role,blockadeMode_t,copType,crimeType,cruiseMode_t,eRampType,forceFocus_t,s_type,stateType_t,tAppCommand,tCarListType,tCarStatType,tCheatCode,tFront_ProcessingType,tInputKeyType,tMenuTextState,tMenuTextType,tPMenuCommandType; retail_duplicate_named=tMenux1,tScreenx1,BO_tNewtonObjx1; anonymous_extra=ENTAG:4x1,ENTAG:4x1,ENTAG:4x1,ENTAG:4x1,ENTAG:4x1,STRTAG:8x1,STRTAG:216x1,STRTAG:512x1; typedefs=tPA32:PTR ARY SHORT; typedefs_extra=tMemIcon:ARY ARY ARY CHAR,CarLogic_tObservations:ARY ARY INT,FEMATRIX:ARY ARY INT,Night_tCopLightingTable:ARY ARY UCHAR,Night_tLightingTable:ARY ARY UCHAR,FEVECTOR:ARY INT,tPA32:ARY PTR SHORT,tPItemList:ARY PTR STRUCT,tTextLocation:ARY SHORT,tArrowLocation:ARY SHORT,tSaveRecords:ARY STRUCT,Night_tWeatherLightingTable:ARY UCHAR,DECDCTTAB:ARY USHORT,AICop_RoadBlockState:ENUM,AIDataRecord_RecordMethod_t:ENUM,AIDataRecord_WhichRecord_t:ENUM,AIHigh_CopGameType_t:ENUM,AIHigh_tAttackMode:ENUM,AIHigh_tDriveAwayMode:ENUM,Gear_t:ENUM,MANAGERTASK:ENUM,PRODUCTLOC:ENUM,PinkSlipsCarSelectState:ENUM,PinkSlipsErrorCode:ENUM,VALIDITY:ENUM,VIDEOSTATE:ENUM,Weather_tState:ENUM,Wingman_Role:ENUM,blockadeMode_t:ENUM,copType:ENUM,crimeType:ENUM,cruiseMode_t:ENUM; retail_duplicate_typedefs=121; source_duplicate_typedefs=341
recon/frontend/common/screentrophyroom.cpp	ScreenTrophyRoom.obj	DIFF	153	153	0	0	2	2	408	329	394	3	9	456	199	358	named_extra=AICop_RoadBlockState,AIDataRecord_RecordMethod_t,AIDataRecord_WhichRecord_t,AIHigh_CopGameType_t,AIHigh_tAttackMode,AIHigh_tDriveAwayMode,Gear_t,MANAGERTASK,PRODUCTLOC,PinkSlipsCarSelectState,PinkSlipsErrorCode,VALIDITY,VIDEOSTATE,Weather_tState,Wingman_Role,blockadeMode_t,copType,crimeType,cruiseMode_t,eRampType,forceFocus_t,s_type,stateType_t,tAppCommand,tCarListType,tCarStatType,tCheatCode,tFront_ProcessingType,tMenuTextState,tMenuTextType,tPMenuCommandType,tScreenCongratsMessage; retail_duplicate_named=tMenux1,tScreenx1,BO_tNewtonObjx1; anonymous_extra=ENTAG:4x1,ENTAG:4x1,ENTAG:4x1,ENTAG:4x1,ENTAG:4x1,STRTAG:8x1,STRTAG:216x1,STRTAG:512x1; typedefs=tPA32:PTR ARY SHORT; typedefs_extra=tMemIcon:ARY ARY ARY CHAR,CarLogic_tObservations:ARY ARY INT,FEMATRIX:ARY ARY INT,Night_tCopLightingTable:ARY ARY UCHAR,Night_tLightingTable:ARY ARY UCHAR,FEVECTOR:ARY INT,tPA32:ARY PTR SHORT,tPItemList:ARY PTR STRUCT,tTextLocation:ARY SHORT,tArrowLocation:ARY SHORT,tSaveRecords:ARY STRUCT,Night_tWeatherLightingTable:ARY UCHAR,DECDCTTAB:ARY USHORT,AICop_RoadBlockState:ENUM,AIDataRecord_RecordMethod_t:ENUM,AIDataRecord_WhichRecord_t:ENUM,AIHigh_CopGameType_t:ENUM,AIHigh_tAttackMode:ENUM,AIHigh_tDriveAwayMode:ENUM,Gear_t:ENUM,MANAGERTASK:ENUM,PRODUCTLOC:ENUM,PinkSlipsCarSelectState:ENUM,PinkSlipsErrorCode:ENUM,VALIDITY:ENUM,VIDEOSTATE:ENUM,Weather_tState:ENUM,Wingman_Role:ENUM,blockadeMode_t:ENUM,copType:ENUM,crimeType:ENUM,cruiseMode_t:ENUM; retail_duplicate_typedefs=199; source_duplicate_typedefs=358
recon/frontend/common/screenusername.cpp	ScreenUserName.obj	DIFF	116	116	0	0	2	2	324	248	431	2	9	498	158	339	named_extra=AICop_RoadBlockState,AIDataRecord_RecordMethod_t,AIDataRecord_WhichRecord_t,AIHigh_CopGameType_t,AIHigh_tAttackMode,AIHigh_tDriveAwayMode,AIScript_tAIReaction,AIScript_tPlayAction,Gear_t,MANAGERTASK,PRODUCTLOC,PinkSlipsCarSelectState,PinkSlipsErrorCode,Udff_tAccessType,VALIDITY,VIDEOSTATE,Weather_tState,Wingman_Role,blockadeMode_t,copType,crimeType,cruiseMode_t,donutMode_t,eRampType,forceFocus_t,s_type,speechIntensityType,speechModeType,speechSourceType,stateType_t,tAppCommand,tCarListType; retail_duplicate_named=tMenux1,tScreenx1; anonymous_extra=ENTAG:4x1,ENTAG:4x1,ENTAG:4x1,ENTAG:4x1,ENTAG:4x1,STRTAG:8x1,STRTAG:216x1,STRTAG:512x1; typedefs_extra=tMemIcon:ARY ARY ARY CHAR,CarLogic_tObservations:ARY ARY INT,FEMATRIX:ARY ARY INT,Night_tCopLightingTable:ARY ARY UCHAR,Night_tLightingTable:ARY ARY UCHAR,FEVECTOR:ARY INT,AIPerson_tGlueTable:ARY INT,tPA32:ARY PTR SHORT,tPItemList:ARY PTR STRUCT,tTextLocation:ARY SHORT,tArrowLocation:ARY SHORT,Car_tAccTable:ARY SHORT,AIScript_tScriptData:ARY STRUCT,tSaveRecords:ARY STRUCT,Night_tWeatherLightingTable:ARY UCHAR,DECDCTTAB:ARY USHORT,AICop_RoadBlockState:ENUM,AIDataRecord_RecordMethod_t:ENUM,AIDataRecord_WhichRecord_t:ENUM,AIHigh_CopGameType_t:ENUM,AIHigh_tAttackMode:ENUM,AIHigh_tDriveAwayMode:ENUM,AIScript_tAIReaction:ENUM,AIScript_tPlayAction:ENUM,Gear_t:ENUM,MANAGERTASK:ENUM,PRODUCTLOC:ENUM,PinkSlipsCarSelectState:ENUM,PinkSlipsErrorCode:ENUM,Udff_tAccessType:ENUM,VALIDITY:ENUM,VIDEOSTATE:ENUM; retail_duplicate_typedefs=158; source_duplicate_typedefs=339
recon/frontend/common/statchk.cpp	Statchk.obj	DIFF	89	89	0	0	2	2	244	200	458	3	9	518	97	343	named_extra=AICop_RoadBlockState,AIDataRecord_RecordMethod_t,AIDataRecord_WhichRecord_t,AIHigh_CopGameType_t,AIHigh_tAttackMode,AIHigh_tDriveAwayMode,Gear_t,MANAGERTASK,PRODUCTLOC,PinkSlipsCarSelectState,PinkSlipsErrorCode,VALIDITY,VIDEOSTATE,Weather_tState,Wingman_Role,blockadeMode_t,copType,crimeType,cruiseMode_t,eRampType,forceFocus_t,s_type,stateType_t,tAppCommand,tCarClassType,tCarListType,tCarStatType,tCheatCode,tFront_ProcessingType,tInputKeyType,tMenuTextState,tMenuTextType; retail_duplicate_named=BO_tNewtonObjx1,tMenux1,tOldMenux1; anonymous_extra=ENTAG:4x1,ENTAG:4x1,ENTAG:4x1,ENTAG:4x1,ENTAG:4x1,STRTAG:8x1,STRTAG:216x1,STRTAG:512x1; typedefs=tPA32:PTR ARY SHORT; typedefs_extra=tMemIcon:ARY ARY ARY CHAR,CarLogic_tObservations:ARY ARY INT,FEMATRIX:ARY ARY INT,Night_tCopLightingTable:ARY ARY UCHAR,Night_tLightingTable:ARY ARY UCHAR,FEVECTOR:ARY INT,tPA32:ARY PTR SHORT,tPItemList:ARY PTR STRUCT,tTextLocation:ARY SHORT,tArrowLocation:ARY SHORT,Night_tWeatherLightingTable:ARY UCHAR,DECDCTTAB:ARY USHORT,AICop_RoadBlockState:ENUM,AIDataRecord_RecordMethod_t:ENUM,AIDataRecord_WhichRecord_t:ENUM,AIHigh_CopGameType_t:ENUM,AIHigh_tAttackMode:ENUM,AIHigh_tDriveAwayMode:ENUM,Gear_t:ENUM,MANAGERTASK:ENUM,PRODUCTLOC:ENUM,PinkSlipsCarSelectState:ENUM,PinkSlipsErrorCode:ENUM,VALIDITY:ENUM,VIDEOSTATE:ENUM,Weather_tState:ENUM,Wingman_Role:ENUM,blockadeMode_t:ENUM,copType:ENUM,crimeType:ENUM,cruiseMode_t:ENUM,eRampType:ENUM; retail_duplicate_typedefs=97; source_duplicate_typedefs=343
recon/frontend/common/stattool.cpp	Stattool.obj	DIFF	97	97	0	0	2	2	245	200	450	4	9	510	90	336	named_extra=AICop_RoadBlockState,AIDataRecord_RecordMethod_t,AIDataRecord_WhichRecord_t,AIHigh_CopGameType_t,AIHigh_tAttackMode,AIHigh_tDriveAwayMode,Gear_t,MANAGERTASK,PRODUCTLOC,PinkSlipsCarSelectState,PinkSlipsErrorCode,VALIDITY,VIDEOSTATE,Weather_tState,Wingman_Role,blockadeMode_t,copType,crimeType,cruiseMode_t,eRampType,forceFocus_t,s_type,stateType_t,tAppCommand,tCarClassType,tCarListType,tCarStatType,tCheatCode,tFront_ProcessingType,tInputKeyType,tMenuTextState,tMenuTextType; retail_duplicate_named=BO_tNewtonObjx1,TCBx1,tMenux1,tOldMenux1; anonymous_extra=ENTAG:4x1,ENTAG:4x1,ENTAG:4x1,ENTAG:4x1,ENTAG:4x1,STRTAG:8x1,STRTAG:216x1,STRTAG:512x1; typedefs=tPA32:PTR ARY SHORT; typedefs_extra=tMemIcon:ARY ARY ARY CHAR,CarLogic_tObservations:ARY ARY INT,FEMATRIX:ARY ARY INT,Night_tCopLightingTable:ARY ARY UCHAR,Night_tLightingTable:ARY ARY UCHAR,FEVECTOR:ARY INT,tPA32:ARY PTR SHORT,tPItemList:ARY PTR STRUCT,tTextLocation:ARY SHORT,tArrowLocation:ARY SHORT,Night_tWeatherLightingTable:ARY UCHAR,DECDCTTAB:ARY USHORT,AICop_RoadBlockState:ENUM,AIDataRecord_RecordMethod_t:ENUM,AIDataRecord_WhichRecord_t:ENUM,AIHigh_CopGameType_t:ENUM,AIHigh_tAttackMode:ENUM,AIHigh_tDriveAwayMode:ENUM,Gear_t:ENUM,MANAGERTASK:ENUM,PRODUCTLOC:ENUM,PinkSlipsCarSelectState:ENUM,PinkSlipsErrorCode:ENUM,VALIDITY:ENUM,VIDEOSTATE:ENUM,Weather_tState:ENUM,Wingman_Role:ENUM,blockadeMode_t:ENUM,copType:ENUM,crimeType:ENUM,cruiseMode_t:ENUM,eRampType:ENUM; retail_duplicate_typedefs=90; source_duplicate_typedefs=336
