recon/frontend/common/femenuextended.cpp	tMenuNFS4	Draw	Initialize	tMenu
recon/frontend/common/femenuoptions.cpp	tMenuItemSlidingMenu	UpdateTransition	UpdateTransition	tMenuItem
recon/frontend/common/femenuoptions.cpp	tMenuItemSlidingMenu	ProcessInput	ProcessInput	tMenuItem
recon/frontend/common/femenuoptions.cpp	tMenuItemOnOffLeftRightChoice	TransitionOn	TransitionOn	tMenuItemLeftRightFade
recon/frontend/common/femenuoptions.cpp	tUserNameMenuItem	UpdateTransition	UpdateTransition	tMenuItem
recon/frontend/common/screenaudio.cpp	tScreenAudio	Initialize	Initialize	tScreen
recon/frontend/common/screenaudio.cpp	tScreenAudio	Cleanup	Cleanup	tScreen
recon/frontend/common/screencarselect.cpp	tScreenCarSelect	Initialize	Initialize	tScreen
recon/frontend/common/screencarselect.cpp	tScreenCarSelect	Cleanup	Cleanup	tScreen
recon/frontend/common/screencarselect.cpp	tScreenCarSelectDuel	Initialize	Initialize	tScreenCarSelect
recon/frontend/common/screencarselect.cpp	tScreenCarSelectDuel	Cleanup	Cleanup	tScreenCarSelect
recon/frontend/common/screencarselect.cpp	tScreenCarSelectTwoPlayer	Initialize	Initialize	tScreenCarSelect
recon/frontend/common/screencarselect.cpp	tScreenCarSelectTwoPlayer	Cleanup	Cleanup	tScreenCarSelect
recon/frontend/common/screencarselect.cpp	tScreenPinkSlipsCarSelect	DrawBackground	DrawBackground	tScreenCarSelectTwoPlayer
recon/frontend/common/screencarselect.cpp	tScreenPinkSlipsCarSelect	DrawForeground	DrawForeground	tScreenCarSelectTwoPlayer
recon/frontend/common/screencarselect.cpp	tScreenPinkSlipsCarSelect	Initialize	Initialize	tScreenCarSelectTwoPlayer
recon/frontend/common/screencarselect.cpp	tScreenPinkSlipsCarSelect	Cleanup	Cleanup	tScreenCarSelectTwoPlayer
recon/frontend/common/screencongrats.cpp	tScreenCongrats	Initialize	Initialize	tScreen
recon/frontend/common/screencongrats.cpp	tScreenCongrats	Cleanup	Cleanup	tScreen
recon/frontend/common/screencongrats.cpp	tScreenPinkSlipCongrats	Initialize	Initialize	tScreenCongrats
recon/frontend/common/screencongrats.cpp	tScreenPinkSlipCongrats	Cleanup	Cleanup	tScreen
recon/frontend/common/screencongrats.cpp	tScreenTournamentTrophy	ProcessInput	ProcessInput	tScreenCongrats
recon/frontend/common/screencongrats.cpp	tScreenBeTheCopCongrats	CalculatePrizes	CalculatePrizes	tScreenCongrats
recon/frontend/common/screencongrats.cpp	tScreenTournamentCongrats	CalculatePrizes	CalculatePrizes	tScreenCongrats
recon/frontend/common/screencontroller.cpp	tScreenControllerConfig	Initialize	Initialize	tScreen
recon/frontend/common/screencontroller.cpp	tScreenControllerConfig	Cleanup	Cleanup	tScreen
recon/frontend/common/screenmain.cpp	tScreenMain	PreLoad	PreLoad	tScreen
recon/frontend/common/screenmain.cpp	tScreenMain	Initialize	Initialize	tScreen
recon/frontend/common/screenmain.cpp	tScreenMain	Cleanup	Cleanup	tScreen
recon/frontend/common/screenmemcard.cpp	tScreenMemcard	Initialize	Initialize	tScreen
recon/frontend/common/screenmemcard.cpp	tScreenMemcard	Cleanup	Cleanup	tScreen
recon/frontend/common/screenpinkslips.cpp	tScreenPinkSlips	Initialize	Initialize	tScreen
recon/frontend/common/screenpinkslips.cpp	tScreenPinkSlips	Cleanup	Cleanup	tScreen
recon/frontend/common/screenpost.cpp	tScreenTournamentStandings	Initialize	Initialize	tScreen
recon/frontend/common/screenpost.cpp	tScreenTournamentStandings	Cleanup	Cleanup	tScreen
recon/frontend/common/screentournselect.cpp	tScreenTournSelect	Initialize	Initialize	tScreen
recon/frontend/common/screentournselect.cpp	tScreenTournSelect	Cleanup	Cleanup	tScreen
recon/frontend/common/screentrackinfo.cpp	tScreenTrackInfo	Initialize	Initialize	tScreen
recon/frontend/common/screentrackrecords.cpp	tScreenTrackRecords	Initialize	Initialize	tScreen
recon/frontend/common/screentrackrecords.cpp	tScreenTrackRecords	Cleanup	Cleanup	tScreen
recon/frontend/common/screentracks.cpp	tScreenTrackSelect	Initialize	Initialize	tScreen
recon/frontend/common/screentracks.cpp	tScreenTrackSelect	Cleanup	Cleanup	tScreen
recon/frontend/common/screentrophyroom.cpp	tScreenTrophyRoom	Initialize	Initialize	tScreen
recon/frontend/common/screentrophyroom.cpp	tScreenTrophyRoom	Cleanup	Cleanup	tScreen
recon/frontend/common/screenusername.cpp	tScreenUserName	Initialize	Initialize	tScreen
recon/game/common/pausemenu.cpp	tPMenuItemLeftRightSliderIndexed	ProcessInput	ProcessInput	tPMenuItemLeftRightSlider
recon/game/common/pausemenu.cpp	tPMenuItemLeftRightSliderIndexed	Draw	Draw	tPMenuItemLeftRightSlider
