function	class	group	repr_region	region_va	words	unit	candidate
AIScript_Assign__FP10AIScript_tPA7_25AIScript_tReactionDetails	CHANGED	AU+FR-DE+JPN+UK-ES-IT+UK-SW+USA	USA	8006FEF8	8	game/common/aiscript	regiondiff/recon/NFS4-R-USA/game/common/aiscript.cpp
AIState_Restart__Fv	CHANGED	AU+FR-DE+JPN+UK-ES-IT+UK-SW+USA	USA	800701FC	16	game/common/aistate	regiondiff/recon/NFS4-R-USA/game/common/aistate.cpp
AIState_StartUp__Fv	CHANGED	AU+FR-DE+JPN+UK-ES-IT+UK-SW+USA	USA	800701BC	16	game/common/aistate	regiondiff/recon/NFS4-R-USA/game/common/aistate.cpp
AdjustPosition__16tListIteratorCar7tPlayers	CHANGED	AU+FR-DE+JPN+UK-ES-IT+UK-SW+USA	USA	80017BE4	380	frontend/common/fecars	regiondiff/recon/NFS4-R-USA/frontend/common/fecars.cpp
AllocatePrimitivesBuffer__Fv	CHANGED	AU+FR-DE+JPN+UK-ES-IT+UK-SW+USA	USA	800BEC4C	39	game/psx/draw	regiondiff/recon/NFS4-R-USA/game/psx/draw.cpp
AudioClc_CalcAzimuth__FP17DRender_tCalcViewP8coorddef	CHANGED	AU+FR-DE+JPN+UK-ES-IT+UK-SW+USA	USA	800754C8	96	game/common/audioclc	regiondiff/recon/NFS4-R-USA/game/common/audioclc.cpp
AudioClc_CalcTrackAzimuth__FP17DRender_tCalcViewP8Car_tObj	CHANGED	AU+FR-DE+JPN+UK-ES-IT+UK-SW+USA	USA	8007571C	85	game/common/audioclc	regiondiff/recon/NFS4-R-USA/game/common/audioclc.cpp
AudioClc_SoundCars__Fv	CHANGED	AU+FR-DE+JPN+UK-ES-IT+UK-SW+USA	USA	80076B90	180	game/common/audioclc	regiondiff/recon/NFS4-R-USA/game/common/audioclc.cpp
func_8007593C	REGION-ONLY	AU+FR-DE+JPN+UK-ES-IT+UK-SW+USA	USA	8007593C	61	game/common/audioclc	regiondiff/recon/NFS4-R-USA/game/common/audioclc.cpp
AudioClc_SoundCloseCar__Fii	CHANGED	AU+FR-DE+JPN+UK-ES-IT+UK-SW+USA	USA	80075A30	318	game/common/audioclc	regiondiff/recon/NFS4-R-USA/game/common/audioclc.cpp
AudioCmn_LoadAsyncSfx__FiiPvi	CHANGED	AU+FR-DE+JPN+UK-ES-IT+UK-SW+USA	USA	80077174	99	game/common/audiocmn	regiondiff/recon/NFS4-R-USA/game/common/audiocmn.cpp
AudioCmn_MusicLevel__Fi	CHANGED	AU+FR-DE+JPN+UK-ES-IT+UK-SW+USA	USA	80076E60	14	game/common/audiocmn	regiondiff/recon/NFS4-R-USA/game/common/audiocmn.cpp
AudioCmn_PlayDoppleredSound__Fiiiiii	CHANGED	AU+FR-DE+JPN+UK-ES-IT+UK-SW+USA	USA	80078AF8	153	game/common/audiocmn	regiondiff/recon/NFS4-R-USA/game/common/audiocmn.cpp
AudioCmn_PlaySFX__Fiiiiii	CHANGED	AU+FR-DE+JPN+UK-ES-IT+UK-SW+USA	USA	80078D88	343	game/common/audiocmn	regiondiff/recon/NFS4-R-USA/game/common/audiocmn.cpp
AudioCmn_Reset__Fv	CHANGED	AU+FR-DE+JPN+UK-ES-IT+UK-SW+USA	USA	800775EC	196	game/common/audiocmn	regiondiff/recon/NFS4-R-USA/game/common/audiocmn.cpp
AudioCmn_SoundCar__FP8Car_tObjiiiiiii	CHANGED	AU+FR-DE+JPN+UK-ES-IT+UK-SW+USA	USA	800792E4	540	game/common/audiocmn	regiondiff/recon/NFS4-R-USA/game/common/audiocmn.cpp
AudioCmn_TrafficSFX__Fiiiiiiii	CHANGED	AU+FR-DE+JPN+UK-ES-IT+UK-SW+USA	USA	80079B54	177	game/common/audiocmn	regiondiff/recon/NFS4-R-USA/game/common/audiocmn.cpp
AudioCmn_UnPause__Fv	CHANGED	AU+FR-DE+JPN+UK-ES-IT+UK-SW+USA	USA	8007A6A0	28	game/common/audiocmn	regiondiff/recon/NFS4-R-USA/game/common/audiocmn.cpp
AudioEng_Set__Fiiiiiiii	CHANGED	AU+FR-DE+JPN+UK-ES-IT+UK-SW+USA	USA	8007BF3C	164	game/common/audioeng	regiondiff/recon/NFS4-R-USA/game/common/audioeng.cpp
AudioMus_Fail__Fi	CHANGED	AU+FR-DE+JPN+UK-ES-IT+UK-SW+USA	USA	8007AC48	39	game/common/audiomus	regiondiff/recon/NFS4-R-USA/game/common/audiomus.cpp
AudioMus_QueueRequestedSong__Fv	CHANGED	AU+FR-DE+JPN+UK-ES-IT+UK-SW+USA	USA	8007ACE4	40	game/common/audiomus	regiondiff/recon/NFS4-R-USA/game/common/audiomus.cpp
AudioMus_Server__Fii	CHANGED	AU+FR-DE+JPN+UK-ES-IT+UK-SW+USA	USA	8007AE4C	242	game/common/audiomus	regiondiff/recon/NFS4-R-USA/game/common/audiomus.cpp
Audio_InitDriver__Fii	CHANGED	AU+FR-DE+JPN+UK-ES-IT+UK-SW+USA	USA	800BC958	61	game/psx/audio	regiondiff/recon/NFS4-R-USA/game/psx/audio.cpp
BWorld_Init__Fv	CHANGED	AU+FR-DE+JPN+UK-ES-IT+UK-SW+USA	USA	8007EFEC	187	game/common/bworld	regiondiff/recon/NFS4-R-USA/game/common/bworld.cpp
BWorld_OpenContext__Fii	CHANGED	AU+FR-DE+JPN+UK-ES-IT+UK-SW+USA	USA	8007EEA8	56	game/common/bworld	regiondiff/recon/NFS4-R-USA/game/common/bworld.cpp
CD_Read	CHANGED	AU+FR-DE+JPN+UK-ES-IT+UK-SW+USA	USA	800FB028	162	eaclib/psx/eacpsxz/cdfs	regiondiff/recon/NFS4-R-USA/eaclib/psx/eacpsxz/cdfs.c
CD_get_intr	CHANGED	AU+FR-DE+JPN+UK-ES-IT+UK-SW+USA	USA	80107A2C	266	syslib/psx/libcd/drv	regiondiff/recon/NFS4-R-USA/syslib/psx/libcd/drv.c
CD_systaskfunc	CHANGED	AU+FR-DE+JPN+UK-ES-IT+UK-SW+USA	USA	800FA444	108	eaclib/psx/eacpsxz/cdfs	regiondiff/recon/NFS4-R-USA/eaclib/psx/eacpsxz/cdfs.c
CD_timerfunc	CHANGED	AU+FR-DE+JPN+UK-ES-IT+UK-SW+USA	USA	800FA5F4	24	eaclib/psx/eacpsxz/cdfs	regiondiff/recon/NFS4-R-USA/eaclib/psx/eacpsxz/cdfs.c
CalculateDimensions__11tDialogHelp	CHANGED	JPN	JPN	80018B18	350	frontend/common/fedialog	regiondiff/recon/NFS4-R-JPN/frontend/common/fedialog.cpp
Camera_GetViewInfo__FiP17DRender_tCalcViewi	CHANGED	AU+FR-DE+UK-ES-IT+UK-SW	AU	80085A2C	206	game/common/camera	regiondiff/recon/NFS4-R-AU/game/common/camera.cpp
CarIO_ReadInCarTextureData__FPcP8Car_tObjii	CHANGED	JPN	JPN	800BD2A0	494	game/psx/cario	regiondiff/recon/NFS4-R-JPN/game/psx/cario.cpp
CarIO_UpdateCarTextureData__FPcP8Car_tObji	CHANGED	JPN	JPN	800BDA58	304	game/psx/cario	regiondiff/recon/NFS4-R-JPN/game/psx/cario.cpp
Car_DoPostCollisionStuff__FP8Car_tObj	CHANGED	AU+FR-DE+JPN+UK-ES-IT+UK-SW+USA	USA	8008A300	180	game/common/cars	regiondiff/recon/NFS4-R-USA/game/common/cars.cpp
CdReadyHandler	CHANGED	AU+FR-DE+JPN+UK-ES-IT+UK-SW+USA	USA	800FA654	300	eaclib/psx/eacpsxz/cdfs	regiondiff/recon/NFS4-R-USA/eaclib/psx/eacpsxz/cdfs.c
Cleanup__14tScreenMemcard	CHANGED	AU+FR-DE+JPN+UK-ES-IT+UK-SW+USA	USA	80048230	36	frontend/common/screenmemcard	regiondiff/recon/NFS4-R-USA/frontend/common/screenmemcard.cpp
Cleanup__16tScreenPinkSlips	CHANGED	AU+FR-DE+JPN+UK-ES-IT+UK-SW+USA	USA	80039580	31	frontend/common/screenpinkslips	regiondiff/recon/NFS4-R-USA/frontend/common/screenpinkslips.cpp
Confirm__Fii	CHANGED	JPN	JPN	80034188	109	frontend/common/fememcard	regiondiff/recon/NFS4-R-JPN/frontend/common/fememcard.cpp
CopSpeak_Alloc__FP17CopSpeak_tRequest	CHANGED	AU+FR-DE+JPN+UK-ES-IT+UK-SW+USA	USA	8009A168	32	game/common/copspeak	regiondiff/recon/NFS4-R-USA/game/common/copspeak.cpp
CopSpeak_DirectRequest__FillP8Car_tObjPc	CHANGED	AU+FR-DE+JPN+UK-ES-IT+UK-SW+USA	USA	8009A790	49	game/common/copspeak	regiondiff/recon/NFS4-R-USA/game/common/copspeak.cpp
CopSpeak_Free__FP17CopSpeak_tRequest	CHANGED	AU+FR-DE+JPN+UK-ES-IT+UK-SW+USA	USA	8009A1E8	45	game/common/copspeak	regiondiff/recon/NFS4-R-USA/game/common/copspeak.cpp
CopSpeak_GenericBankRequest__FiP8Car_tObj	CHANGED	AU+FR-DE+JPN+UK-ES-IT+UK-SW+USA	USA	8009A854	47	game/common/copspeak	regiondiff/recon/NFS4-R-USA/game/common/copspeak.cpp
CopSpeak_InitRequest__FP17CopSpeak_tRequest	CHANGED	AU+FR-DE+JPN+UK-ES-IT+UK-SW+USA	USA	8009A0D0	13	game/common/copspeak	regiondiff/recon/NFS4-R-USA/game/common/copspeak.cpp
CopSpeak_InitVars__Fv	CHANGED	AU+FR-DE+JPN+UK-ES-IT+UK-SW+USA	USA	8009A710	32	game/common/copspeak	regiondiff/recon/NFS4-R-USA/game/common/copspeak.cpp
CopSpeak_LoadNextRequest__Fv	CHANGED	AU+FR-DE+JPN+UK-ES-IT+UK-SW+USA	USA	8009B21C	135	game/common/copspeak	regiondiff/recon/NFS4-R-USA/game/common/copspeak.cpp
CopSpeak_PlayNextRequest__Fv	CHANGED	AU+FR-DE+JPN+UK-ES-IT+UK-SW+USA	USA	8009B438	81	game/common/copspeak	regiondiff/recon/NFS4-R-USA/game/common/copspeak.cpp
CopSpeak_ReadyNextRequest__Fv	CHANGED	AU+FR-DE+JPN+UK-ES-IT+UK-SW+USA	USA	8009A29C	176	game/common/copspeak	regiondiff/recon/NFS4-R-USA/game/common/copspeak.cpp
CopSpeak_Request__FP17CopSpeak_tRequest	CHANGED	AU+FR-DE+JPN+UK-ES-IT+UK-SW+USA	USA	8009B09C	84	game/common/copspeak	regiondiff/recon/NFS4-R-USA/game/common/copspeak.cpp
DeInit_Memcard__Fv	CHANGED	AU+FR-DE+JPN+UK-ES-IT+UK-SW+USA	USA	80034938	42	frontend/common/fememcard	regiondiff/recon/NFS4-R-USA/frontend/common/fememcard.cpp
Device_VerifyType__Fi	CHANGED	JPN	JPN	800BDF80	47	game/psx/device	regiondiff/recon/NFS4-R-JPN/game/psx/device.cpp
DoLanguageScreen__Fv	CHANGED	FR-DE	FR-DE	8004E238	183	frontend/psx/psxfront	regiondiff/recon/NFS4-R-FR-DE/frontend/psx/psxfront.cpp
DoLanguageScreen__Fv	CHANGED	UK-ES-IT	UK-ES-IT	8004E250	193	frontend/psx/psxfront	regiondiff/recon/NFS4-R-UK-ES-IT/frontend/psx/psxfront.cpp
DoLanguageScreen__Fv	CHANGED	UK-SW	UK-SW	8004E238	182	frontend/psx/psxfront	regiondiff/recon/NFS4-R-UK-SW/frontend/psx/psxfront.cpp
DoMemCardStuff__25tScreenPinkSlipsCarSelect	CHANGED	AU+FR-DE+JPN+UK-ES-IT+UK-SW+USA	USA	8003F2C4	193	frontend/common/screencarselect	regiondiff/recon/NFS4-R-USA/frontend/common/screencarselect.cpp
DoTitleScreen__Fv	CHANGED	AU+FR-DE+UK-ES-IT+UK-SW	AU	8004E0C0	66	frontend/psx/psxfront	regiondiff/recon/NFS4-R-AU/frontend/psx/psxfront.cpp
DrawBackground__16tScreenPinkSlips	CHANGED	AU+FR-DE+JPN+UK-ES-IT+UK-SW+USA	USA	80038D60	390	frontend/common/screenpinkslips	regiondiff/recon/NFS4-R-USA/frontend/common/screenpinkslips.cpp
DrawBackground__18tScreenTrackSelect	CHANGED	AU+FR-DE+UK-ES-IT+UK-SW	AU	800419D8	301	frontend/common/screentracks	regiondiff/recon/NFS4-R-AU/frontend/common/screentracks.cpp
DrawC_PrimHalo__FP10matrixtdefP8coorddefP16Transformer_zObjiiiP13Draw_CarCache	CHANGED	AU+FR-DE+JPN+UK-ES-IT+UK-SW+USA	USA	800C47B4	301	game/psx/drawc	regiondiff/recon/NFS4-R-USA/game/psx/drawc.cpp
DrawCar__FR8tCarInfossffcbUl7tPlayer	CHANGED	AU+FR-DE+UK-ES-IT+UK-SW	AU	8003AC5C	125	frontend/common/screencarselect	regiondiff/recon/NFS4-R-AU/frontend/common/screencarselect.cpp
DrawCar__FR8tCarInfossffcbUl7tPlayer	CHANGED	JPN+USA	USA	8003AC64	125	frontend/common/screencarselect	regiondiff/recon/NFS4-R-USA/frontend/common/screencarselect.cpp
DrawCongratsMessage__23tScreenBeTheCopCongrats	CHANGED	AU+FR-DE+JPN+UK-ES-IT+UK-SW+USA	USA	800499B0	48	frontend/common/screencongrats	regiondiff/recon/NFS4-R-USA/frontend/common/screencongrats.cpp
DrawCongratsMessage__23tScreenTournamentTrophy	CHANGED	AU+FR-DE+UK-ES-IT+UK-SW+USA	USA	800493DC	185	frontend/common/screencongrats	regiondiff/recon/NFS4-R-USA/frontend/common/screencongrats.cpp
DrawCongratsMessage__23tScreenTournamentTrophy	CHANGED	JPN	JPN	80048E64	200	frontend/common/screencongrats	regiondiff/recon/NFS4-R-JPN/frontend/common/screencongrats.cpp
DrawForeground__14tScreenMemcard	CHANGED	AU+FR-DE+JPN+UK-ES-IT+UK-SW+USA	USA	80047EC0	67	frontend/common/screenmemcard	regiondiff/recon/NFS4-R-USA/frontend/common/screenmemcard.cpp
DrawForeground__16tScreenCarSelect	CHANGED	AU+FR-DE+JPN+UK-ES-IT+UK-SW+USA	USA	8003CAE4	566	frontend/common/screencarselect	regiondiff/recon/NFS4-R-USA/frontend/common/screencarselect.cpp
DrawForeground__18tScreenTournSelect	CHANGED	AU+FR-DE+JPN+UK-ES-IT+UK-SW+USA	USA	800408A8	42	frontend/common/screentournselect	regiondiff/recon/NFS4-R-USA/frontend/common/screentournselect.cpp
DrawHelpIcons__14tFEApplication	CHANGED	JPN	JPN	8001348C	136	frontend/common/feapp	regiondiff/recon/NFS4-R-JPN/frontend/common/feapp.cpp
DrawOneRecord__19tScreenTrackRecordsibi	CHANGED	AU+FR-DE+JPN+UK-ES-IT+UK-SW+USA	USA	80042AE0	156	frontend/common/screentrackrecords	regiondiff/recon/NFS4-R-USA/frontend/common/screentrackrecords.cpp
DrawVideoWall__25tScreenCarSelectTwoPlayers	CHANGED	AU+FR-DE+JPN+UK-ES-IT+UK-SW+USA	USA	8003E4C0	104	frontend/common/screencarselect	regiondiff/recon/NFS4-R-USA/frontend/common/screencarselect.cpp
DrawW_StripDraw_High__FP25Draw_tGiveShelbyMoreCache	CHANGED	AU+FR-DE+JPN+UK-ES-IT+UK-SW+USA	USA	800C7C30	52	game/psx/draww	regiondiff/recon/NFS4-R-USA/game/psx/draww.cpp
DrawW_kCtrlWorld_High__FP25Draw_tGiveShelbyMoreCache	CHANGED	AU+FR-DE+JPN+UK-ES-IT+UK-SW+USA	USA	800C7BC8	26	game/psx/draww	regiondiff/recon/NFS4-R-USA/game/psx/draww.cpp
Draw_CheckFirstFrameRender__Fv	CHANGED	AU+FR-DE+UK-ES-IT+UK-SW	AU	800BEFB8	36	game/psx/draw	regiondiff/recon/NFS4-R-AU/game/psx/draw.cpp
Draw_DirectSetEnvironment__Fiiiiiiiiii	CHANGED	AU+FR-DE+UK-ES-IT+UK-SW	AU	800BF200	69	game/psx/draw	regiondiff/recon/NFS4-R-AU/game/psx/draw.cpp
Draw_InitRenderEngine__Fiiiiii	CHANGED	AU+FR-DE+UK-ES-IT+UK-SW	AU	800BF370	47	game/psx/draw	regiondiff/recon/NFS4-R-AU/game/psx/draw.cpp
Draw_MenuRenderingView__FP8Car_tObjP13DRender_tViewiiiUliffii	CHANGED	AU+FR-DE+UK-ES-IT+UK-SW	AU	80012BC0	235	game/psx/fe3dmenu	regiondiff/recon/NFS4-R-AU/game/psx/fe3dmenu.cpp
Draw_SetViewMemBudget__Fii	CHANGED	AU+FR-DE+JPN+UK-ES-IT+UK-SW+USA	USA	800BEBC0	11	game/psx/draw	regiondiff/recon/NFS4-R-USA/game/psx/draw.cpp
Draw_StartRenderingView__Fi	CHANGED	AU+FR-DE+JPN+UK-ES-IT+UK-SW+USA	USA	800BEDAC	60	game/psx/draw	regiondiff/recon/NFS4-R-USA/game/psx/draw.cpp
Draw__11tDialogHelp	CHANGED	JPN	JPN	80019090	139	frontend/common/fedialog	regiondiff/recon/NFS4-R-JPN/frontend/common/fedialog.cpp
Draw__20tMenuItemSlidingMenuiib	CHANGED	AU+FR-DE+UK-ES-IT+UK-SW	AU	8001D7CC	402	frontend/common/femenuoptions	regiondiff/recon/NFS4-R-AU/frontend/common/femenuoptions.cpp
Draw__25tPMenuItemLeftRightChoiceb	CHANGED	JPN	JPN	800A82E4	44	game/common/pausemenu	regiondiff/recon/NFS4-R-JPN/game/common/pausemenu.cpp
Draw__25tPMenuItemLeftRightSliderb	CHANGED	JPN	JPN	800A8534	96	game/common/pausemenu	regiondiff/recon/NFS4-R-JPN/game/common/pausemenu.cpp
FECheat_ActivateBonusByCode__FPc	CHANGED	AU+FR-DE+JPN+UK-ES-IT+UK-SW+USA	USA	80023800	46	frontend/common/fecheats	regiondiff/recon/NFS4-R-USA/frontend/common/fecheats.cpp
FECheat_ActivateCheat__FPc	CHANGED	AU+FR-DE+JPN+UK-ES-IT+UK-SW+USA	USA	80023634	66	frontend/common/fecheats	regiondiff/recon/NFS4-R-USA/frontend/common/fecheats.cpp
FECheat_HandleActivation__F10tCheatCode	CHANGED	AU+FR-DE+JPN+UK-ES-IT+UK-SW+USA	USA	800233A0	36	frontend/common/fecheats	regiondiff/recon/NFS4-R-USA/frontend/common/fecheats.cpp
FECheat_LoadBonus__FRUl	CHANGED	AU+FR-DE+JPN+UK-ES-IT+UK-SW+USA	USA	80023778	30	frontend/common/fecheats	regiondiff/recon/NFS4-R-USA/frontend/common/fecheats.cpp
FEInput_GetKeyFromPlayer__F7tPlayerl	CHANGED	JPN	JPN	80023984	77	frontend/common/feinput	regiondiff/recon/NFS4-R-JPN/frontend/common/feinput.cpp
FEInput_GetNoDebounceKey__Fii	CHANGED	JPN	JPN	80023688	122	frontend/common/feinput	regiondiff/recon/NFS4-R-JPN/frontend/common/feinput.cpp
FEInput_VerifyControllerValues__Fi	CHANGED	JPN	JPN	80023618	28	frontend/common/feinput	regiondiff/recon/NFS4-R-JPN/frontend/common/feinput.cpp
FeTools_DrawPSXButton__FUcUsii	CHANGED	AU+FR-DE+JPN+UK-ES-IT+UK-SW+USA	USA	800269D0	126	frontend/common/fetools	regiondiff/recon/NFS4-R-USA/frontend/common/fetools.cpp
FntPrint	CHANGED	AU+FR-DE+JPN+UK-ES-IT+UK-SW+USA	USA	800F7990	138	syslib/psx/libgpu/FONT	regiondiff/recon/NFS4-R-USA/syslib/psx/libgpu/FONT.c
Front_AppendOpponentData__FPiR9tFEStream	CHANGED	AU+FR-DE+JPN+UK-ES-IT+UK-SW+USA	USA	80029B74	205	frontend/common/front	regiondiff/recon/NFS4-R-USA/frontend/common/front.cpp
Front_GetInGameVars__Fv	CHANGED	AU+FR-DE+JPN+UK-ES-IT+UK-SW+USA	USA	8002B750	63	frontend/common/front	regiondiff/recon/NFS4-R-USA/frontend/common/front.cpp
Front_InitMissions__FR9tFEStream	CHANGED	AU+FR-DE+JPN+UK-ES-IT+UK-SW+USA	USA	80028BA8	85	frontend/common/front	regiondiff/recon/NFS4-R-USA/frontend/common/front.cpp
Front_InitTrack__FR9tFEStream	CHANGED	AU+FR-DE+JPN+UK-ES-IT+UK-SW+USA	USA	80029284	117	frontend/common/front	regiondiff/recon/NFS4-R-USA/frontend/common/front.cpp
Front_InitialMemCardCheck__Fv	CHANGED	AU+FR-DE+UK-ES-IT+UK-SW	AU	800279A0	42	frontend/common/front	regiondiff/recon/NFS4-R-AU/frontend/common/front.cpp
Front_InitialMemCardCheck__Fv	CHANGED	JPN+USA	USA	80027968	25	frontend/common/front	regiondiff/recon/NFS4-R-USA/frontend/common/front.cpp
Front_SecondaryMemCardCheck__Fv	CHANGED	AU+FR-DE+JPN+UK-ES-IT+UK-SW+USA	USA	800279CC	53	frontend/common/front	regiondiff/recon/NFS4-R-USA/frontend/common/front.cpp
GameSetup_StartUp__FPi	CHANGED	AU+FR-DE+JPN+UK-ES-IT+UK-SW+USA	USA	8009C7C8	263	game/common/gmesetup	regiondiff/recon/NFS4-R-USA/game/common/gmesetup.cpp
GetCarFromID__11tCarManagers	CHANGED	AU+FR-DE+JPN+UK-ES-IT+UK-SW+USA	USA	80016374	28	frontend/common/fecars	regiondiff/recon/NFS4-R-USA/frontend/common/fecars.cpp
GetShapeInfo__15tScreenCongratsRsT1PPcT3	CHANGED	AU+FR-DE+JPN+UK-ES-IT+UK-SW+USA	USA	8004830C	148	frontend/common/screencongrats	regiondiff/recon/NFS4-R-USA/frontend/common/screencongrats.cpp
GetShapeInfo__25tScreenCarSelectTwoPlayerRsT1PPcT3	CHANGED	AU+FR-DE+JPN+UK-ES-IT+UK-SW+USA	USA	8003E660	58	frontend/common/screencarselect	regiondiff/recon/NFS4-R-USA/frontend/common/screencarselect.cpp
GetShapeInfo__25tScreenPinkSlipsCarSelectRsT1PPcT3	CHANGED	AU+FR-DE+JPN+UK-ES-IT+UK-SW+USA	USA	8003FA24	30	frontend/common/screencarselect	regiondiff/recon/NFS4-R-USA/frontend/common/screencarselect.cpp
GoNonInterlaced__7tScreen	CHANGED	AU+FR-DE+UK-ES-IT+UK-SW	AU	80025C50	51	frontend/common/fescreen	regiondiff/recon/NFS4-R-AU/frontend/common/fescreen.cpp
HighExecute__10AIHigh_Cop	CHANGED	AU+FR-DE+JPN+UK-ES-IT+UK-SW+USA	USA	800644B4	1464	game/common/aih_cop	regiondiff/recon/NFS4-R-USA/game/common/aih_cop.cpp
Hud_BuildNumbers__Fi	CHANGED	AU+FR-DE+JPN+UK-ES-IT+UK-SW+USA	USA	800D5A44	758	game/psx/hud	regiondiff/recon/NFS4-R-USA/game/psx/hud.cpp
Hud_CreateHudViews__Fv	CHANGED	AU+FR-DE+UK-ES-IT+UK-SW	AU	800D280C	187	game/psx/hud	regiondiff/recon/NFS4-R-AU/game/psx/hud.cpp
Hud_DebugInfo__Fv	CHANGED	AU+FR-DE+JPN+UK-ES-IT+UK-SW+USA	USA	800D2B5C	2	game/psx/hud	regiondiff/recon/NFS4-R-USA/game/psx/hud.cpp
Hud_ParseTime__FiPc	CHANGED	AU+FR-DE+JPN+UK-ES-IT+UK-SW+USA	USA	800D9938	97	game/psx/hud	regiondiff/recon/NFS4-R-USA/game/psx/hud.cpp
Init_MemcardFile__FR12MCRDFILE_defsb	CHANGED	AU+FR-DE+JPN+UK-ES-IT+UK-SW	AU	80034A5C	32	frontend/common/fememcard	regiondiff/recon/NFS4-R-AU/frontend/common/fememcard.cpp
Init_Memcard__FbT0	CHANGED	AU+FR-DE+JPN+UK-ES-IT+UK-SW	AU	8003484C	90	frontend/common/fememcard	regiondiff/recon/NFS4-R-AU/frontend/common/fememcard.cpp
Init_Memcard__FbT0	CHANGED	USA	USA	800347D4	89	frontend/common/fememcard	regiondiff/recon/NFS4-R-USA/frontend/common/fememcard.cpp
Init_RenderingEnvironment__Fv	CHANGED	AU+FR-DE+UK-ES-IT+UK-SW	AU	8004E2A0	62	frontend/psx/psxfront	regiondiff/recon/NFS4-R-AU/frontend/psx/psxfront.cpp
Init__14tCreditManageri	CHANGED	AU	AU	80035CC0	54	frontend/common/fecredits	regiondiff/recon/NFS4-R-AU/frontend/common/fecredits.cpp
Initialize__11tScreenMain	CHANGED	AU	AU	80038960	219	frontend/common/screenmain	regiondiff/recon/NFS4-R-AU/frontend/common/screenmain.cpp
Initialize__11tScreenMain	CHANGED	FR-DE+UK-ES-IT+UK-SW+USA	USA	8003895C	221	frontend/common/screenmain	regiondiff/recon/NFS4-R-USA/frontend/common/screenmain.cpp
Initialize__11tScreenMain	CHANGED	JPN	JPN	8003850C	223	frontend/common/screenmain	regiondiff/recon/NFS4-R-JPN/frontend/common/screenmain.cpp
Initialize__14tScreenMemcard	CHANGED	AU+FR-DE+UK-ES-IT+UK-SW	AU	80048088	107	frontend/common/screenmemcard	regiondiff/recon/NFS4-R-AU/frontend/common/screenmemcard.cpp
Initialize__25tScreenCarSelectTwoPlayer	CHANGED	AU+FR-DE+JPN+UK-ES-IT+UK-SW+USA	USA	8003F140	32	frontend/common/screencarselect	regiondiff/recon/NFS4-R-USA/frontend/common/screencarselect.cpp
Initialize__25tScreenPinkSlipsCarSelect	CHANGED	AU+FR-DE+JPN+UK-ES-IT+UK-SW+USA	USA	8003F5E8	28	frontend/common/screencarselect	regiondiff/recon/NFS4-R-USA/frontend/common/screencarselect.cpp
InstanceGroup__5ChunkP15SerializedGroupP9SimpleMem	CHANGED	AU+FR-DE+JPN+UK-ES-IT+UK-SW+USA	USA	8008BE88	354	game/common/chunk	regiondiff/recon/NFS4-R-USA/game/common/chunk.cpp
LoadDescription__15tMissionManagerb	CHANGED	AU+FR-DE+JPN+UK-ES-IT+UK-SW+USA	USA	800341B4	77	frontend/common/femission	regiondiff/recon/NFS4-R-USA/frontend/common/femission.cpp
LoadGame__FsbT1	CHANGED	AU+FR-DE+JPN+UK-ES-IT+UK-SW+USA	USA	80034F70	388	frontend/common/fememcard	regiondiff/recon/NFS4-R-USA/frontend/common/fememcard.cpp
Lose__Q26Speech13MobileSpeaker	CHANGED	AU+FR-DE+JPN+UK-ES-IT+UK-SW+USA	USA	80098F24	209	game/common/speech	regiondiff/recon/NFS4-R-USA/game/common/speech.cpp
MPause_MusicLogic__Fc	CHANGED	AU+FR-DE+JPN+UK-ES-IT+UK-SW+USA	USA	8009EEAC	192	game/common/mpause	regiondiff/recon/NFS4-R-USA/game/common/mpause.cpp
MemCardCmd_cb	CHANGED	AU+FR-DE+JPN+UK-ES-IT+UK-SW+USA	USA	800FB7D8	28	syslib/psx/libmcrd/LIBMCRD	regiondiff/recon/NFS4-R-USA/syslib/psx/libmcrd/LIBMCRD.c
MenuExtended_AwardPinkSlipsCar__FR12tMenuCommand	CHANGED	AU+FR-DE+JPN+UK-ES-IT+UK-SW+USA	USA	8002DF34	173	frontend/common/femenudefs	regiondiff/recon/NFS4-R-USA/frontend/common/femenudefs.cpp
MenuExtended_LoadGame__FR12tMenuCommand	CHANGED	AU+FR-DE+JPN+UK-ES-IT+UK-SW+USA	USA	8002D950	54	frontend/common/femenudefs	regiondiff/recon/NFS4-R-USA/frontend/common/femenudefs.cpp
MenuNFS4_DrawTextBox__FiR4RECTissbT5	CHANGED	AU+FR-DE+UK-ES-IT+UK-SW	AU	8001A180	302	frontend/common/femenuextended	regiondiff/recon/NFS4-R-AU/frontend/common/femenuextended.cpp
MenuNFS4_DrawTextBox__FiR4RECTissbT5	CHANGED	JPN+USA	USA	8001A158	301	frontend/common/femenuextended	regiondiff/recon/NFS4-R-USA/frontend/common/femenuextended.cpp
Movie_Play__Fc	CHANGED	AU+FR-DE+UK-ES-IT+UK-SW	AU	8004D1CC	136	frontend/psx/movie	regiondiff/recon/NFS4-R-AU/frontend/psx/movie.cpp
Movie_Play__Fc	CHANGED	JPN+USA	USA	8004D1C4	134	frontend/psx/movie	regiondiff/recon/NFS4-R-USA/frontend/psx/movie.cpp
NFS4_LoadPerps__Fv	CHANGED	AU+FR-DE+JPN+UK-ES-IT+UK-SW+USA	USA	800A4A6C	172	game/common/nfs3	regiondiff/recon/NFS4-R-USA/game/common/nfs3.cpp
Newton_TestForUndrivableSurfaces__FP13BO_tNewtonObj	CHANGED	AU+FR-DE+JPN+UK-ES-IT+UK-SW+USA	USA	800A3990	492	game/common/newton	regiondiff/recon/NFS4-R-USA/game/common/newton.cpp
Object_KillStatus__Fv	CHANGED	AU+FR-DE+JPN+UK-ES-IT+UK-SW+USA	USA	800A5DCC	28	game/common/object	regiondiff/recon/NFS4-R-USA/game/common/object.cpp
PAD_restore	CHANGED	AU+FR-DE+JPN+UK-ES-IT+UK-SW+USA	USA	800E4D60	17	eaclib/psx/pad	regiondiff/recon/NFS4-R-USA/eaclib/psx/pad.c
PAD_state	CHANGED	AU+FR-DE+JPN+UK-ES-IT+UK-SW+USA	USA	800E4DA4	20	eaclib/psx/pad	regiondiff/recon/NFS4-R-USA/eaclib/psx/pad.c
PAD_update	CHANGED	AU+FR-DE+JPN+UK-ES-IT+UK-SW+USA	USA	800E4E08	63	eaclib/psx/pad	regiondiff/recon/NFS4-R-USA/eaclib/psx/pad.c
PadInfoAct	CHANGED	AU+FR-DE+JPN+UK-ES-IT+UK-SW+USA	USA	800F09B4	35	syslib/psx/libpad/PADENTRY	regiondiff/recon/NFS4-R-USA/syslib/psx/libpad/PADENTRY.c
Physics_Real__FP8Car_tObj	CHANGED	AU+FR-DE+JPN+UK-ES-IT+UK-SW+USA	USA	800ACDF8	1273	game/common/physics	regiondiff/recon/NFS4-R-USA/game/common/physics.cpp
Platform_SysStartUp__Fv	CHANGED	AU+FR-DE+JPN+UK-ES-IT+UK-SW+USA	USA	800DCF74	58	game/psx/platform	regiondiff/recon/NFS4-R-USA/game/psx/platform.cpp
PreLoad__11tScreenMain	CHANGED	AU+FR-DE+JPN+UK-ES-IT+UK-SW+USA	USA	800388C0	39	frontend/common/screenmain	regiondiff/recon/NFS4-R-USA/frontend/common/screenmain.cpp
ProcessInput__16tScreenCarSelect7tPlayerR13tInputKeyTypeR12tMenuCommand	CHANGED	AU+FR-DE+JPN+UK-ES-IT+UK-SW+USA	USA	8003C268	111	frontend/common/screencarselect	regiondiff/recon/NFS4-R-USA/frontend/common/screencarselect.cpp
ProcessInput__25tScreenPinkSlipsCarSelect7tPlayerR13tInputKeyTypeR12tMenuCommand	CHANGED	AU+FR-DE+JPN+UK-ES-IT+UK-SW+USA	USA	8003F93C	58	frontend/common/screencarselect	regiondiff/recon/NFS4-R-USA/frontend/common/screencarselect.cpp
R3DCar_InsertCarFacetII__FP8Car_tObj	CHANGED	AU+FR-DE+JPN+UK-ES-IT+UK-SW+USA	USA	800B2E30	382	game/common/r3dcar	regiondiff/recon/NFS4-R-USA/game/common/r3dcar.cpp
R3DCar_InsertCarFacet__FP8Car_tObjP13DRender_tView	CHANGED	AU+FR-DE+JPN+UK-ES-IT+UK-SW+USA	USA	800B0868	1153	game/common/r3dcar	regiondiff/recon/NFS4-R-USA/game/common/r3dcar.cpp
Redraw__14tFEApplication	CHANGED	AU+FR-DE+UK-ES-IT+UK-SW	AU	800138B4	363	frontend/common/feapp	regiondiff/recon/NFS4-R-AU/frontend/common/feapp.cpp
Redraw__14tFEApplication	CHANGED	JPN	JPN	800136AC	373	frontend/common/feapp	regiondiff/recon/NFS4-R-JPN/frontend/common/feapp.cpp
Redraw__14tFEApplication	CHANGED	USA	USA	80013894	360	frontend/common/feapp	regiondiff/recon/NFS4-R-USA/frontend/common/feapp.cpp
Render_CreatePlayerViews__Fv	CHANGED	AU+FR-DE+UK-ES-IT+UK-SW	AU	800B3D78	59	game/common/render	regiondiff/recon/NFS4-R-AU/game/common/render.cpp
Render_InitBlurMode__Fv	CHANGED	AU+FR-DE+JPN+UK-ES-IT+UK-SW+USA	USA	800B46D4	27	game/common/render	regiondiff/recon/NFS4-R-USA/game/common/render.cpp
Render_InitTrackRender__Fv	CHANGED	AU+FR-DE+UK-ES-IT+UK-SW	AU	800B43C8	46	game/common/render	regiondiff/recon/NFS4-R-AU/game/common/render.cpp
Render_RenderWorld__FP13DRender_tView	CHANGED	AU+FR-DE+JPN+UK-ES-IT+UK-SW+USA	USA	800B3F80	41	game/common/render	regiondiff/recon/NFS4-R-USA/game/common/render.cpp
Render_Render__Fi	CHANGED	AU+FR-DE+JPN+UK-ES-IT+UK-SW+USA	USA	800B4170	82	game/common/render	regiondiff/recon/NFS4-R-USA/game/common/render.cpp
RunDemoVideo__14tFEApplication	CHANGED	AU+FR-DE+JPN+UK-ES-IT+UK-SW+USA	USA	800140E8	184	frontend/common/feapp	regiondiff/recon/NFS4-R-USA/frontend/common/feapp.cpp
SaveGame__Fs	CHANGED	AU+FR-DE+JPN+UK-ES-IT+UK-SW+USA	USA	80034AC8	298	frontend/common/fememcard	regiondiff/recon/NFS4-R-USA/frontend/common/fememcard.cpp
SavePinkSlipsCars__Fss	CHANGED	AU+FR-DE+JPN+UK-ES-IT+UK-SW+USA	USA	80035580	236	frontend/common/fememcard	regiondiff/recon/NFS4-R-USA/frontend/common/fememcard.cpp
SetCurrentController__23tScreenControllerConfigb	CHANGED	JPN	JPN	80043684	183	frontend/common/screencontroller	regiondiff/recon/NFS4-R-JPN/frontend/common/screencontroller.cpp
SetupChunkBuildList__FP13DRender_tView	CHANGED	AU+FR-DE+JPN+UK-ES-IT+UK-SW+USA	USA	8007E71C	224	game/common/bworld	regiondiff/recon/NFS4-R-USA/game/common/bworld.cpp
SetupCurrCredit__14tCreditManager	CHANGED	AU+FR-DE+JPN+UK-ES-IT+UK-SW+USA	USA	80035F20	214	frontend/common/fecredits	regiondiff/recon/NFS4-R-USA/frontend/common/fecredits.cpp
ShakeIt__23tScreenControllerConfig	CHANGED	JPN	JPN	80043154	2	frontend/common/screencontroller	regiondiff/recon/NFS4-R-JPN/frontend/common/screencontroller.cpp
StatChk_IsRecordLapTime__FP10Car_tStatssPs	CHANGED	AU+FR-DE+JPN+UK-ES-IT+UK-SW+USA	USA	80049CC8	207	frontend/common/statchk	regiondiff/recon/NFS4-R-USA/frontend/common/statchk.cpp
StatChk_IsTopTime__FP10Car_tStatss	CHANGED	AU+FR-DE+JPN+UK-ES-IT+UK-SW+USA	USA	8004A194	299	frontend/common/statchk	regiondiff/recon/NFS4-R-USA/frontend/common/statchk.cpp
StatChk_SaveTopTime__FP10Car_tStatss	CHANGED	AU+FR-DE+JPN+UK-ES-IT+UK-SW+USA	USA	8004A640	437	frontend/common/statchk	regiondiff/recon/NFS4-R-USA/frontend/common/statchk.cpp
Stats_ExtrapolateOpponentTimes__Fi	CHANGED	AU+FR-DE+JPN+UK-ES-IT+UK-SW+USA	USA	800B92D8	490	game/common/stats	regiondiff/recon/NFS4-R-USA/game/common/stats.cpp
Stattool_nCreateIndex__FiPiPs	CHANGED	AU+FR-DE+JPN+UK-ES-IT+UK-SW+USA	USA	8004AD40	77	frontend/common/stattool	regiondiff/recon/NFS4-R-USA/frontend/common/stattool.cpp
SwapBackground__11tScreenMaini	CHANGED	AU	AU	80037120	110	frontend/common/screenmain	regiondiff/recon/NFS4-R-AU/frontend/common/screenmain.cpp
SwapBackground__11tScreenMaini	CHANGED	JPN	JPN	80036CD0	109	frontend/common/screenmain	regiondiff/recon/NFS4-R-JPN/frontend/common/screenmain.cpp
Track_DeInit__Fv	CHANGED	AU+FR-DE+JPN+UK-ES-IT+UK-SW+USA	USA	800BBA40	55	game/common/track	regiondiff/recon/NFS4-R-USA/game/common/track.cpp
Track_Init__FPc	CHANGED	AU+FR-DE+JPN+UK-ES-IT+UK-SW+USA	USA	800BB5B4	291	game/common/track	regiondiff/recon/NFS4-R-USA/game/common/track.cpp
UpdateTrackFinishPoints__18tTournamentManager	CHANGED	AU+FR-DE+JPN+UK-ES-IT+UK-SW+USA	USA	80032F80	129	frontend/common/fetourn	regiondiff/recon/NFS4-R-USA/frontend/common/fetourn.cpp
UserNameUpperCaseOneLetter__FPc	CHANGED	AU+FR-DE+JPN+UK-ES-IT+UK-SW+USA	USA	8004AF8C	72	frontend/common/stattool	regiondiff/recon/NFS4-R-USA/frontend/common/stattool.cpp
Weather_DoSplats__FiP18Weather_tSplatInfo	CHANGED	AU+FR-DE+UK-ES-IT+UK-SW	AU	800E4490	97	game/psx/weather	regiondiff/recon/NFS4-R-AU/game/psx/weather.cpp
__15tGlobalMenuDefs	CHANGED	AU+FR-DE+UK-ES-IT+UK-SW+USA	USA	8002E504	3207	frontend/common/femenudefs	regiondiff/recon/NFS4-R-USA/frontend/common/femenudefs.cpp
__15tGlobalMenuDefs	CHANGED	JPN	JPN	8002E14C	3197	frontend/common/femenudefs	regiondiff/recon/NFS4-R-JPN/frontend/common/femenudefs.cpp
func_80012F40	REGION-ONLY	JPN	JPN	80012F40	106	regiononly/func_80012F40	regiondiff/recon/NFS4-R-JPN/regiononly/func_80012F40.cpp
func_80012F50	REGION-ONLY	USA	USA	80012F50	106	regiononly/func_80012F50	regiondiff/recon/NFS4-R-USA/regiononly/func_80012F50.cpp
func_80012F6C	REGION-ONLY	AU	AU	80012F6C	107	regiononly/func_80012F6C	regiondiff/recon/NFS4-R-AU/regiononly/func_80012F6C.cpp
func_80012FC4	REGION-ONLY	FR-DE+UK-SW	FR-DE	80012FC4	107	regiononly/func_80012FC4	regiondiff/recon/NFS4-R-FR-DE/regiononly/func_80012FC4.cpp
func_80012FDC	REGION-ONLY	UK-ES-IT	UK-ES-IT	80012FDC	107	regiononly/func_80012FDC	regiondiff/recon/NFS4-R-UK-ES-IT/regiononly/func_80012FDC.cpp
func_8004DCB4	REGION-ONLY	AU	AU	8004DCB4	37	regiononly/func_8004DCB4	regiondiff/recon/NFS4-R-AU/regiononly/func_8004DCB4.cpp
func_8004DD24	REGION-ONLY	FR-DE+UK-SW	FR-DE	8004DD24	37	regiononly/func_8004DD24	regiondiff/recon/NFS4-R-FR-DE/regiononly/func_8004DD24.cpp
func_8004DD3C	REGION-ONLY	UK-ES-IT	UK-ES-IT	8004DD3C	37	regiononly/func_8004DD3C	regiondiff/recon/NFS4-R-UK-ES-IT/regiononly/func_8004DD3C.cpp
func_80051568	DATA-BLOB	JPN	JPN	80051568	6913	regiononly/func_80051568	regiondiff/recon/NFS4-R-JPN/regiononly/func_80051568.cpp
func_80051AA0	DATA-BLOB	USA	USA	80051AA0	6579	regiononly/func_80051AA0	regiondiff/recon/NFS4-R-USA/regiononly/func_80051AA0.cpp
func_80051B58	DATA-BLOB	AU	AU	80051B58	6533	regiononly/func_80051B58	regiondiff/recon/NFS4-R-AU/regiononly/func_80051B58.cpp
func_80051E60	DATA-BLOB	UK-SW	UK-SW	80051E60	6339	regiononly/func_80051E60	regiondiff/recon/NFS4-R-UK-SW/regiononly/func_80051E60.cpp
func_80051E68	DATA-BLOB	FR-DE	FR-DE	80051E68	6337	regiononly/func_80051E68	regiondiff/recon/NFS4-R-FR-DE/regiononly/func_80051E68.cpp
func_80051EA8	DATA-BLOB	UK-ES-IT	UK-ES-IT	80051EA8	6321	regiononly/func_80051EA8	regiondiff/recon/NFS4-R-UK-ES-IT/regiononly/func_80051EA8.cpp
func_800702E4	REGION-ONLY	AU+FR-DE+JPN+UK-ES-IT+UK-SW+USA	USA	800702E4	19	regiononly/func_800702E4	regiondiff/recon/NFS4-R-USA/regiononly/func_800702E4.cpp
func_80070330	REGION-ONLY	AU+FR-DE+JPN+UK-ES-IT+UK-SW+USA	USA	80070330	15	regiononly/func_80070330	regiondiff/recon/NFS4-R-USA/regiononly/func_80070330.cpp
AudioClc_SoundPlayersCar__Fi	CHANGED	AU+FR-DE+JPN+UK-ES-IT+UK-SW+USA	USA	80075F28	465	game/common/audioclc	regiondiff/recon/NFS4-R-USA/game/common/audioclc.cpp
func_8009A5AC	REGION-ONLY	JPN+USA	USA	8009A5AC	44	regiononly/func_8009A5AC	regiondiff/recon/NFS4-R-USA/regiononly/func_8009A5AC.cpp
func_8009A5B0	REGION-ONLY	AU+FR-DE+UK-ES-IT+UK-SW	AU	8009A5B0	44	regiononly/func_8009A5B0	regiondiff/recon/NFS4-R-AU/regiononly/func_8009A5B0.cpp
func_8009B57C	REGION-ONLY	JPN+USA	USA	8009B57C	192	regiononly/func_8009B57C	regiondiff/recon/NFS4-R-USA/regiononly/func_8009B57C.cpp
func_8009B580	REGION-ONLY	AU+FR-DE+UK-ES-IT+UK-SW	AU	8009B580	192	regiononly/func_8009B580	regiondiff/recon/NFS4-R-AU/regiononly/func_8009B580.cpp
func_800A7788	REGION-ONLY	JPN+USA	USA	800A7788	14	regiononly/func_800A7788	regiondiff/recon/NFS4-R-USA/regiononly/func_800A7788.cpp
func_800A778C	REGION-ONLY	AU+FR-DE+UK-ES-IT+UK-SW	AU	800A778C	14	regiononly/func_800A778C	regiondiff/recon/NFS4-R-AU/regiononly/func_800A778C.cpp
func_800A77C0	REGION-ONLY	JPN+USA	USA	800A77C0	9	regiononly/func_800A77C0	regiondiff/recon/NFS4-R-USA/regiononly/func_800A77C0.cpp
func_800A77C4	REGION-ONLY	AU+FR-DE+UK-ES-IT+UK-SW	AU	800A77C4	9	regiononly/func_800A77C4	regiondiff/recon/NFS4-R-AU/regiononly/func_800A77C4.cpp
func_800A77E4	REGION-ONLY	JPN+USA	USA	800A77E4	10	regiononly/func_800A77E4	regiondiff/recon/NFS4-R-USA/regiononly/func_800A77E4.cpp
func_800A77E8	REGION-ONLY	AU+FR-DE+UK-ES-IT+UK-SW	AU	800A77E8	10	regiononly/func_800A77E8	regiondiff/recon/NFS4-R-AU/regiononly/func_800A77E8.cpp
func_800A780C	REGION-ONLY	JPN+USA	USA	800A780C	6	regiononly/func_800A780C	regiondiff/recon/NFS4-R-USA/regiononly/func_800A780C.cpp
func_800A7810	REGION-ONLY	AU+FR-DE+UK-ES-IT+UK-SW	AU	800A7810	6	regiononly/func_800A7810	regiondiff/recon/NFS4-R-AU/regiononly/func_800A7810.cpp
func_800A7824	REGION-ONLY	JPN+USA	USA	800A7824	8	regiononly/func_800A7824	regiondiff/recon/NFS4-R-USA/regiononly/func_800A7824.cpp
func_800A7828	REGION-ONLY	AU+FR-DE+UK-ES-IT+UK-SW	AU	800A7828	8	regiononly/func_800A7828	regiondiff/recon/NFS4-R-AU/regiononly/func_800A7828.cpp
func_800A7844	REGION-ONLY	JPN+USA	USA	800A7844	8	regiononly/func_800A7844	regiondiff/recon/NFS4-R-USA/regiononly/func_800A7844.cpp
func_800A7848	REGION-ONLY	AU+FR-DE+UK-ES-IT+UK-SW	AU	800A7848	8	regiononly/func_800A7848	regiondiff/recon/NFS4-R-AU/regiononly/func_800A7848.cpp
func_800A7864	REGION-ONLY	JPN+USA	USA	800A7864	8	regiononly/func_800A7864	regiondiff/recon/NFS4-R-USA/regiononly/func_800A7864.cpp
func_800A7868	REGION-ONLY	AU+FR-DE+UK-ES-IT+UK-SW	AU	800A7868	8	regiononly/func_800A7868	regiondiff/recon/NFS4-R-AU/regiononly/func_800A7868.cpp
func_800A7884	REGION-ONLY	JPN+USA	USA	800A7884	8	regiononly/func_800A7884	regiondiff/recon/NFS4-R-USA/regiononly/func_800A7884.cpp
func_800A7888	REGION-ONLY	AU+FR-DE+UK-ES-IT+UK-SW	AU	800A7888	8	regiononly/func_800A7888	regiondiff/recon/NFS4-R-AU/regiononly/func_800A7888.cpp
func_800BB0A8	REGION-ONLY	JPN	JPN	800BB0A8	57	regiononly/func_800BB0A8	regiondiff/recon/NFS4-R-JPN/regiononly/func_800BB0A8.cpp
func_800BB2F4	REGION-ONLY	USA	USA	800BB2F4	57	regiononly/func_800BB2F4	regiondiff/recon/NFS4-R-USA/regiononly/func_800BB2F4.cpp
func_800BB2F8	REGION-ONLY	AU+FR-DE+UK-ES-IT+UK-SW	AU	800BB2F8	57	regiononly/func_800BB2F8	regiondiff/recon/NFS4-R-AU/regiononly/func_800BB2F8.cpp
func_800DCC90	REGION-ONLY	JPN	JPN	800DCC90	2	regiononly/func_800DCC90	regiondiff/recon/NFS4-R-JPN/regiononly/func_800DCC90.cpp
func_800DCC98	REGION-ONLY	JPN	JPN	800DCC98	2	regiononly/func_800DCC98	regiondiff/recon/NFS4-R-JPN/regiononly/func_800DCC98.cpp
func_800DCEA4	REGION-ONLY	USA	USA	800DCEA4	2	regiononly/func_800DCEA4	regiondiff/recon/NFS4-R-USA/regiononly/func_800DCEA4.cpp
func_800DCEAC	REGION-ONLY	USA	USA	800DCEAC	2	regiononly/func_800DCEAC	regiondiff/recon/NFS4-R-USA/regiononly/func_800DCEAC.cpp
func_800DCED0	REGION-ONLY	AU+FR-DE+UK-ES-IT+UK-SW	AU	800DCED0	2	regiononly/func_800DCED0	regiondiff/recon/NFS4-R-AU/regiononly/func_800DCED0.cpp
func_800DCED8	REGION-ONLY	AU+FR-DE+UK-ES-IT+UK-SW	AU	800DCED8	2	regiononly/func_800DCED8	regiondiff/recon/NFS4-R-AU/regiononly/func_800DCED8.cpp
func_800EECDC	REGION-ONLY	AU+FR-DE+UK-ES-IT+UK-SW	AU	800EECDC	16	regiononly/func_800EECDC	regiondiff/recon/NFS4-R-AU/regiononly/func_800EECDC.cpp
func_801051A4	LIB-THUNK	JPN	JPN	801051A4	4	regiononly/func_801051A4	regiondiff/recon/NFS4-R-JPN/regiononly/func_801051A4.cpp
func_801053B8	LIB-THUNK	USA	USA	801053B8	4	regiononly/func_801053B8	regiondiff/recon/NFS4-R-USA/regiononly/func_801053B8.cpp
func_801053E4	LIB-THUNK	AU+FR-DE+UK-ES-IT+UK-SW	AU	801053E4	4	regiononly/func_801053E4	regiondiff/recon/NFS4-R-AU/regiononly/func_801053E4.cpp
iSNDdmtransfer	CHANGED	AU+FR-DE+JPN+UK-ES-IT+UK-SW+USA	USA	8010B4BC	129	eaclib/psx/sndpsxz/sdma	regiondiff/recon/NFS4-R-USA/eaclib/psx/sndpsxz/sdma.c
iSNDsin	CHANGED	AU+FR-DE+JPN+UK-ES-IT+UK-SW+USA	USA	8010D89C	2521	eaclib/psx/sndpsxz/ssine	regiondiff/recon/NFS4-R-USA/eaclib/psx/sndpsxz/ssine.c
main	CHANGED	AU+FR-DE+UK-ES-IT+UK-SW	AU	800A52A8	237	game/common/nfs3	regiondiff/recon/NFS4-R-AU/game/common/nfs3.cpp
padinit	CHANGED	AU+FR-DE+JPN+UK-ES-IT+UK-SW+USA	USA	800E4CF4	27	eaclib/psx/pad	regiondiff/recon/NFS4-R-USA/eaclib/psx/pad.c
s_lower__FPc	CHANGED	JPN	JPN	800265F8	8	frontend/common/fetools	regiondiff/recon/NFS4-R-JPN/frontend/common/fetools.cpp
s_upper__FPc	CHANGED	JPN	JPN	800265D8	8	frontend/common/fetools	regiondiff/recon/NFS4-R-JPN/frontend/common/fetools.cpp
sprintf	CHANGED	AU+FR-DE+JPN+UK-ES-IT+UK-SW+USA	USA	800E50A8	180	syslib/psx/libc/SPRINTF	regiondiff/recon/NFS4-R-USA/syslib/psx/libc/SPRINTF.c
videodecode__FP11VIDEOSTRUCTP14STREAMCHUNKHDRii	CHANGED	AU+FR-DE+JPN+UK-ES-IT+UK-SW+USA	USA	80051698	258	frontend/psx/video	regiondiff/recon/NFS4-R-USA/frontend/psx/video.cpp
AdvanceToNextTrack__18tTournamentManager	CHANGED	AU+FR-DE+JPN+UK-ES-IT+UK-SW+USA	USA	80033184	273	frontend/common/fetourn	regiondiff/recon/NFS4-R-USA/frontend/common/fetourn.cpp
AskTheUserToSaveTheGame__Fv	CHANGED	AU+FR-DE+JPN+UK-ES-IT+UK-SW+USA	USA	8002C49C	30	frontend/common/femenudefs	regiondiff/recon/NFS4-R-USA/frontend/common/femenudefs.cpp
AudioMus_AutoVolume__Fii	CHANGED	AU+FR-DE+JPN+UK-ES-IT+UK-SW+USA	USA	8007BE00	48	game/common/audiomus	regiondiff/recon/NFS4-R-USA/game/common/audiomus.cpp
AudioMus_Buffered__Fv	CHANGED	AU+FR-DE+JPN+UK-ES-IT+UK-SW+USA	USA	8007AA48	19	game/common/audiomus	regiondiff/recon/NFS4-R-USA/game/common/audiomus.cpp
AudioMus_BuildPattern__FPc	CHANGED	AU+FR-DE+JPN+UK-ES-IT+UK-SW+USA	USA	8007B8F4	52	game/common/audiomus	regiondiff/recon/NFS4-R-USA/game/common/audiomus.cpp
AudioMus_BuildPlayList__FiPi	CHANGED	AU+FR-DE+JPN+UK-ES-IT+UK-SW+USA	USA	8007B86C	34	game/common/audiomus	regiondiff/recon/NFS4-R-USA/game/common/audiomus.cpp
AudioMus_DriverCleanUp__Fv	CHANGED	AU+FR-DE+JPN+UK-ES-IT+UK-SW+USA	USA	8007B6A4	31	game/common/audiomus	regiondiff/recon/NFS4-R-USA/game/common/audiomus.cpp
AudioMus_DriverStartUp__Fii	CHANGED	AU+FR-DE+JPN+UK-ES-IT+UK-SW+USA	USA	8007B468	81	game/common/audiomus	regiondiff/recon/NFS4-R-USA/game/common/audiomus.cpp
AudioMus_GetCurrentSong__Fv	CHANGED	AU+FR-DE+JPN+UK-ES-IT+UK-SW+USA	USA	8007AA94	47	game/common/audiomus	regiondiff/recon/NFS4-R-USA/game/common/audiomus.cpp
AudioMus_GetSongList__FPci	CHANGED	AU+FR-DE+JPN+UK-ES-IT+UK-SW+USA	USA	8007B214	117	game/common/audiomus	regiondiff/recon/NFS4-R-USA/game/common/audiomus.cpp
AudioMus_InitDriverGlobals__Fv	CHANGED	AU+FR-DE+JPN+UK-ES-IT+UK-SW+USA	USA	8007B40C	23	game/common/audiomus	regiondiff/recon/NFS4-R-USA/game/common/audiomus.cpp
AudioMus_InitGlobals__Fv	CHANGED	AU+FR-DE+JPN+UK-ES-IT+UK-SW+USA	USA	8007B3E8	9	game/common/audiomus	regiondiff/recon/NFS4-R-USA/game/common/audiomus.cpp
AudioMus_PlaySong__FPc	CHANGED	AU+FR-DE+JPN+UK-ES-IT+UK-SW+USA	USA	8007B9C4	160	game/common/audiomus	regiondiff/recon/NFS4-R-USA/game/common/audiomus.cpp
AudioMus_RefreshStatus__Fv	CHANGED	AU+FR-DE+JPN+UK-ES-IT+UK-SW+USA	USA	8007A960	25	game/common/audiomus	regiondiff/recon/NFS4-R-USA/game/common/audiomus.cpp
AudioMus_SetCurrentSongInfo__Fv	CHANGED	AU+FR-DE+JPN+UK-ES-IT+UK-SW+USA	USA	8007AE0C	16	game/common/audiomus	regiondiff/recon/NFS4-R-USA/game/common/audiomus.cpp
AudioMus_StopSong__Fi	CHANGED	AU+FR-DE+JPN+UK-ES-IT+UK-SW+USA	USA	8007B798	53	game/common/audiomus	regiondiff/recon/NFS4-R-USA/game/common/audiomus.cpp
AudioMus_SwitchSong__Fv	CHANGED	AU+FR-DE+JPN+UK-ES-IT+UK-SW+USA	USA	8007AB50	62	game/common/audiomus	regiondiff/recon/NFS4-R-USA/game/common/audiomus.cpp
AudioMus_SysCleanUp__Fv	CHANGED	AU+FR-DE+JPN+UK-ES-IT+UK-SW+USA	USA	8007B720	30	game/common/audiomus	regiondiff/recon/NFS4-R-USA/game/common/audiomus.cpp
AudioMus_SysStartUp__FiiPc	CHANGED	AU+FR-DE+JPN+UK-ES-IT+UK-SW+USA	USA	8007B5AC	62	game/common/audiomus	regiondiff/recon/NFS4-R-USA/game/common/audiomus.cpp
AudioMus_Threshold__Fv	CHANGED	AU+FR-DE+JPN+UK-ES-IT+UK-SW+USA	USA	8007A9C4	33	game/common/audiomus	regiondiff/recon/NFS4-R-USA/game/common/audiomus.cpp
AudioMus_Volume__Fi	CHANGED	AU+FR-DE+JPN+UK-ES-IT+UK-SW+USA	USA	8007BC44	111	game/common/audiomus	regiondiff/recon/NFS4-R-USA/game/common/audiomus.cpp
CalculateDimensions__12tDialogYesNo	CHANGED	AU+FR-DE+UK-ES-IT+UK-SW	AU	80019B3C	46	frontend/common/fedialog	regiondiff/recon/NFS4-R-AU/frontend/common/fedialog.cpp
CalculateDimensions__20tDialogMessageString	CHANGED	AU+FR-DE+UK-ES-IT+UK-SW	AU	80019580	133	frontend/common/fedialog	regiondiff/recon/NFS4-R-AU/frontend/common/fedialog.cpp
Camera_NextMode__Fi	CHANGED	AU+FR-DE+UK-ES-IT+UK-SW	AU	80086244	237	game/common/camera	regiondiff/recon/NFS4-R-AU/game/common/camera.cpp
Camera_SetMode__Fii	CHANGED	AU+FR-DE+UK-ES-IT+UK-SW	AU	80086030	133	game/common/camera	regiondiff/recon/NFS4-R-AU/game/common/camera.cpp
Device_SetHardCodedKeys__Fv	CHANGED	JPN	JPN	800BE1B4	25	game/psx/device	regiondiff/recon/NFS4-R-JPN/game/psx/device.cpp
DisplayLoadingText__7tScreen	CHANGED	AU+FR-DE+UK-ES-IT+UK-SW	AU	80025B10	80	frontend/common/fescreen	regiondiff/recon/NFS4-R-AU/frontend/common/fescreen.cpp
DisplayLoadingText__7tScreen	CHANGED	JPN+USA	USA	80025AD8	80	frontend/common/fescreen	regiondiff/recon/NFS4-R-USA/frontend/common/fescreen.cpp
DrawBackground__11tScreenMain	CHANGED	AU+FR-DE+JPN+UK-ES-IT+UK-SW+USA	USA	80037BB8	822	frontend/common/screenmain	regiondiff/recon/NFS4-R-USA/frontend/common/screenmain.cpp
DrawBackground__12tScreenAudio	CHANGED	AU+FR-DE+JPN+UK-ES-IT+UK-SW+USA	USA	800462C0	154	frontend/common/screenaudio	regiondiff/recon/NFS4-R-USA/frontend/common/screenaudio.cpp
DrawBackground__14tScreenMemcard	CHANGED	AU+FR-DE+JPN+UK-ES-IT+UK-SW+USA	USA	80047858	410	frontend/common/screenmemcard	regiondiff/recon/NFS4-R-USA/frontend/common/screenmemcard.cpp
DrawBackground__15tScreenCongrats	CHANGED	AU+FR-DE+JPN+UK-ES-IT+UK-SW+USA	USA	800485B4	541	frontend/common/screencongrats	regiondiff/recon/NFS4-R-USA/frontend/common/screencongrats.cpp
DrawBackground__15tScreenUserName	CHANGED	AU+FR-DE+JPN+UK-ES-IT+UK-SW+USA	USA	8004B68C	394	frontend/common/screenusername	regiondiff/recon/NFS4-R-USA/frontend/common/screenusername.cpp
DrawBackground__17tScreenTrophyInfo	CHANGED	AU+FR-DE+JPN+UK-ES-IT+UK-SW+USA	USA	80041518	298	frontend/common/screentrophyinfo	regiondiff/recon/NFS4-R-USA/frontend/common/screentrophyinfo.cpp
DrawBackground__17tScreenTrophyRoom	CHANGED	AU+FR-DE+JPN+UK-ES-IT+UK-SW+USA	USA	80040EF8	261	frontend/common/screentrophyroom	regiondiff/recon/NFS4-R-USA/frontend/common/screentrophyroom.cpp
DrawBackground__18tScreenTournSelect	CHANGED	AU+FR-DE+JPN+UK-ES-IT+UK-SW+USA	USA	8004022C	415	frontend/common/screentournselect	regiondiff/recon/NFS4-R-USA/frontend/common/screentournselect.cpp
DrawBackground__19tScreenTrackRecords	CHANGED	AU+FR-DE+JPN+UK-ES-IT+UK-SW+USA	USA	80042F30	364	frontend/common/screentrackrecords	regiondiff/recon/NFS4-R-USA/frontend/common/screentrackrecords.cpp
DrawBackground__24tScreenPinkSlipStandings	CHANGED	AU+FR-DE+JPN+UK-ES-IT+UK-SW+USA	USA	8003A6D8	265	frontend/common/screenpost	regiondiff/recon/NFS4-R-USA/frontend/common/screenpost.cpp
DrawBackground__25tScreenCarSelectTwoPlayer	CHANGED	AU+FR-DE+JPN+UK-ES-IT+UK-SW+USA	USA	8003E83C	342	frontend/common/screencarselect	regiondiff/recon/NFS4-R-USA/frontend/common/screencarselect.cpp
DrawBackground__26tScreenTournamentStandings	CHANGED	AU+FR-DE+JPN+UK-ES-IT+UK-SW+USA	USA	80039E14	561	frontend/common/screenpost	regiondiff/recon/NFS4-R-USA/frontend/common/screenpost.cpp
DrawCongratsMessage__23tScreenPinkSlipCongrats	CHANGED	AU+FR-DE+JPN+UK-ES-IT+UK-SW+USA	USA	80048FC0	71	frontend/common/screencongrats	regiondiff/recon/NFS4-R-USA/frontend/common/screencongrats.cpp
DrawCongratsMessage__25tScreenTournamentCongrats	CHANGED	AU+FR-DE+JPN+UK-ES-IT+UK-SW+USA	USA	80049B5C	51	frontend/common/screencongrats	regiondiff/recon/NFS4-R-USA/frontend/common/screencongrats.cpp
DrawForeground__12tScreenAudio	CHANGED	AU+FR-DE+JPN+UK-ES-IT+UK-SW+USA	USA	800461B0	68	frontend/common/screenaudio	regiondiff/recon/NFS4-R-USA/frontend/common/screenaudio.cpp
DrawLeftFlare__FiiiRi	CHANGED	AU+FR-DE+JPN+UK-ES-IT+UK-SW+USA	USA	8001C100	87	frontend/common/femenuoptions	regiondiff/recon/NFS4-R-USA/frontend/common/femenuoptions.cpp
DrawMemCardStuff__14tScreenMemcards	CHANGED	AU+FR-DE+JPN+UK-ES-IT+UK-SW+USA	USA	80047148	343	frontend/common/screenmemcard	regiondiff/recon/NFS4-R-USA/frontend/common/screenmemcard.cpp
DrawMoney__Fiiilii	CHANGED	AU+FR-DE+JPN+UK-ES-IT+UK-SW+USA	USA	80039A80	78	frontend/common/screenpost	regiondiff/recon/NFS4-R-USA/frontend/common/screenpost.cpp
DrawOneSong__18tInsideBoxSongMenussssss	CHANGED	AU+FR-DE+JPN+UK-ES-IT+UK-SW+USA	USA	8001EDA8	139	frontend/common/femenuoptions	regiondiff/recon/NFS4-R-USA/frontend/common/femenuoptions.cpp
DrawOverlay__16tScreenCarSelectP8tOverlay	CHANGED	AU+FR-DE+JPN+UK-ES-IT+UK-SW+USA	USA	8003AFD8	551	frontend/common/screencarselect	regiondiff/recon/NFS4-R-USA/frontend/common/screencarselect.cpp
DrawRecords__19tScreenTrackRecordss	CHANGED	AU+FR-DE+JPN+UK-ES-IT+UK-SW+USA	USA	80042D50	120	frontend/common/screentrackrecords	regiondiff/recon/NFS4-R-USA/frontend/common/screentrackrecords.cpp
Draw__12tMenuOptions	CHANGED	AU+FR-DE+UK-ES-IT+UK-SW	AU	8001BC78	182	frontend/common/femenuextended	regiondiff/recon/NFS4-R-AU/frontend/common/femenuextended.cpp
Draw__29tMenuItemOnOffLeftRightChoiceiib	CHANGED	AU+FR-DE+JPN+UK-ES-IT+UK-SW+USA	USA	8001E4E4	94	frontend/common/femenuoptions	regiondiff/recon/NFS4-R-USA/frontend/common/femenuoptions.cpp
FeTools_init__Fv	CHANGED	JPN	JPN	80026810	58	frontend/common/fetools	regiondiff/recon/NFS4-R-JPN/frontend/common/fetools.cpp
Flare_LensFlare__FP7DVECTORP15Draw_FlareCache	CHANGED	AU+FR-DE+UK-ES-IT+UK-SW	AU	800CF8F8	409	game/psx/flare	regiondiff/recon/NFS4-R-AU/game/psx/flare.cpp
Flare_Moon__FP7SVECTORP15Draw_FlareCache	CHANGED	AU+FR-DE+UK-ES-IT+UK-SW	AU	800D0248	46	game/psx/flare	regiondiff/recon/NFS4-R-AU/game/psx/flare.cpp
Flare_Sun__FP7SVECTORP15Draw_FlareCache	CHANGED	AU+FR-DE+UK-ES-IT+UK-SW	AU	800CFF5C	187	game/psx/flare	regiondiff/recon/NFS4-R-AU/game/psx/flare.cpp
FormatConfirm__Fv	CHANGED	AU+FR-DE+JPN+UK-ES-IT+UK-SW+USA	USA	80034750	11	frontend/common/fememcard	regiondiff/recon/NFS4-R-USA/frontend/common/fememcard.cpp
Front_InitOpponentCars__FR9tFEStream	CHANGED	AU+FR-DE+JPN+UK-ES-IT+UK-SW+USA	USA	80028614	357	frontend/common/front	regiondiff/recon/NFS4-R-USA/frontend/common/front.cpp
GenericMenuLoadGame__Fi	CHANGED	AU+FR-DE+JPN+UK-ES-IT+UK-SW+USA	USA	8002D8BC	37	frontend/common/femenudefs	regiondiff/recon/NFS4-R-USA/frontend/common/femenudefs.cpp
GenericMenuSaveGame__Fi	CHANGED	AU+FR-DE+JPN+UK-ES-IT+UK-SW+USA	USA	8002CA20	71	frontend/common/femenudefs	regiondiff/recon/NFS4-R-USA/frontend/common/femenudefs.cpp
GetHelpText__23tScreenControllerConfig	CHANGED	AU+FR-DE+JPN+UK-ES-IT+UK-SW+USA	USA	80045C94	24	frontend/common/screencontroller	regiondiff/recon/NFS4-R-USA/frontend/common/screencontroller.cpp
Hrz_BuildSky__Fv	CHANGED	AU+FR-DE+UK-ES-IT+UK-SW	AU	800D17C4	458	game/psx/hrzsku	regiondiff/recon/NFS4-R-AU/game/psx/hrzsku.cpp
InitializeVideoWall__16tScreenCarSelect	CHANGED	AU+FR-DE+JPN+UK-ES-IT+UK-SW+USA	USA	8003BFA8	46	frontend/common/screencarselect	regiondiff/recon/NFS4-R-USA/frontend/common/screencarselect.cpp
InitializeVideoWall__20tScreenCarSelectDuel	CHANGED	AU+FR-DE+JPN+UK-ES-IT+UK-SW+USA	USA	8003D518	71	frontend/common/screencarselect	regiondiff/recon/NFS4-R-USA/frontend/common/screencarselect.cpp
Initialize__15tScreenUserName	CHANGED	AU+FR-DE+JPN+UK-ES-IT+UK-SW+USA	USA	8004B468	48	frontend/common/screenusername	regiondiff/recon/NFS4-R-USA/frontend/common/screenusername.cpp
Initialize__18tScreenTrackSelect	CHANGED	AU+FR-DE+JPN+UK-ES-IT+UK-SW+USA	USA	80041F4C	111	frontend/common/screentracks	regiondiff/recon/NFS4-R-USA/frontend/common/screentracks.cpp
Loading_DrawLoadingScreen__Fv	CHANGED	AU+FR-DE+UK-ES-IT+UK-SW	AU	800DBCD0	82	game/psx/loading	regiondiff/recon/NFS4-R-AU/game/psx/loading.cpp
MainLoop__14tFEApplicationP5tMenu	CHANGED	AU+FR-DE+JPN+UK-ES-IT+UK-SW+USA	USA	800143C8	1123	frontend/common/feapp	regiondiff/recon/NFS4-R-USA/frontend/common/feapp.cpp
MenuExtended_BuyCar__FR12tMenuCommand	CHANGED	AU+FR-DE+JPN+UK-ES-IT+UK-SW+USA	USA	8002D578	85	frontend/common/femenudefs	regiondiff/recon/NFS4-R-USA/frontend/common/femenudefs.cpp
MenuExtended_ExitPinkSlipsEarly__FR12tMenuCommand	CHANGED	AU+FR-DE+JPN+UK-ES-IT+UK-SW+USA	USA	8002E368	76	frontend/common/femenudefs	regiondiff/recon/NFS4-R-USA/frontend/common/femenudefs.cpp
MenuExtended_ExitTourney__FR12tMenuCommand	CHANGED	AU+FR-DE+JPN+UK-ES-IT+UK-SW+USA	USA	8002E2D8	36	frontend/common/femenudefs	regiondiff/recon/NFS4-R-USA/frontend/common/femenudefs.cpp
MenuExtended_GoTo2PlayerRace__FR12tMenuCommand	CHANGED	AU+FR-DE+JPN+UK-ES-IT+UK-SW+USA	USA	8002CE74	83	frontend/common/femenudefs	regiondiff/recon/NFS4-R-USA/frontend/common/femenudefs.cpp
MenuExtended_GoToCarSelect__FR12tMenuCommand	CHANGED	AU+FR-DE+JPN+UK-ES-IT+UK-SW+USA	USA	8002C57C	229	frontend/common/femenudefs	regiondiff/recon/NFS4-R-USA/frontend/common/femenudefs.cpp
MenuExtended_GoToRace__FR12tMenuCommand	CHANGED	AU+FR-DE+JPN+UK-ES-IT+UK-SW+USA	USA	8002CD18	87	frontend/common/femenudefs	regiondiff/recon/NFS4-R-USA/frontend/common/femenudefs.cpp
MenuExtended_GoToSpecialEventTrackInfo__FR12tMenuCommand	CHANGED	AU+FR-DE+JPN+UK-ES-IT+UK-SW+USA	USA	8002D128	91	frontend/common/femenudefs	regiondiff/recon/NFS4-R-USA/frontend/common/femenudefs.cpp
MenuExtended_GoToTournTrackInfo__FR12tMenuCommand	CHANGED	AU+FR-DE+JPN+UK-ES-IT+UK-SW+USA	USA	8002CFC0	90	frontend/common/femenudefs	regiondiff/recon/NFS4-R-USA/frontend/common/femenudefs.cpp
MenuExtended_GoToTwoPlayerSingleRace__FR12tMenuCommand	CHANGED	AU+FR-DE+JPN+UK-ES-IT+UK-SW+USA	USA	8002C308	69	frontend/common/femenudefs	regiondiff/recon/NFS4-R-USA/frontend/common/femenudefs.cpp
MenuExtended_PurchaseUpgrade__Fi	CHANGED	AU+FR-DE+JPN+UK-ES-IT+UK-SW+USA	USA	8002D6CC	80	frontend/common/femenudefs	regiondiff/recon/NFS4-R-USA/frontend/common/femenudefs.cpp
MenuExtended_SellCar__FR12tMenuCommand	CHANGED	AU+FR-DE+JPN+UK-ES-IT+UK-SW+USA	USA	8002D420	86	frontend/common/femenudefs	regiondiff/recon/NFS4-R-USA/frontend/common/femenudefs.cpp
NFS4_LoadingIcon__Fv	CHANGED	AU+FR-DE+UK-ES-IT+UK-SW	AU	800A5130	73	game/common/nfs3	regiondiff/recon/NFS4-R-AU/game/common/nfs3.cpp
Object_InitCustomObjects__Fv	CHANGED	AU+FR-DE+JPN+UK-ES-IT+UK-SW+USA	USA	800A6100	33	game/common/object	regiondiff/recon/NFS4-R-USA/game/common/object.cpp
OverwriteConfirm__Fv	CHANGED	AU+FR-DE+JPN+UK-ES-IT+UK-SW+USA	USA	8003471C	11	frontend/common/fememcard	regiondiff/recon/NFS4-R-USA/frontend/common/fememcard.cpp
PSXFront_AllocateDrawMemory__Fv	CHANGED	JPN	JPN	8004D76C	29	frontend/psx/psxfront	regiondiff/recon/NFS4-R-JPN/frontend/psx/psxfront.cpp
PinkSlipsPreSave__Fv	CHANGED	AU+FR-DE+JPN+UK-ES-IT+UK-SW+USA	USA	8002CB3C	50	frontend/common/femenudefs	regiondiff/recon/NFS4-R-USA/frontend/common/femenudefs.cpp
PlayerNameMixedCase__Fi	CHANGED	AU+FR-DE+JPN+UK-ES-IT+UK-SW+USA	USA	8002BB08	27	frontend/common/front	regiondiff/recon/NFS4-R-USA/frontend/common/front.cpp
PlayerName__Fi	CHANGED	AU+FR-DE+JPN+UK-ES-IT+UK-SW+USA	USA	8002BA7C	35	frontend/common/front	regiondiff/recon/NFS4-R-USA/frontend/common/front.cpp
Quick_DD__Fiii	CHANGED	AU+FR-DE+UK-ES-IT+UK-SW	AU	8004DC70	17	frontend/psx/psxfront	regiondiff/recon/NFS4-R-AU/frontend/psx/psxfront.cpp
Render_CreatePauseMenuViews__Fv	CHANGED	AU+FR-DE+UK-ES-IT+UK-SW	AU	800B3E64	19	game/common/render	regiondiff/recon/NFS4-R-AU/game/common/render.cpp
SetDialog__25tScreenCarSelectTwoPlayer	CHANGED	AU+FR-DE+UK-ES-IT+UK-SW	AU	8003EFC8	48	frontend/common/screencarselect	regiondiff/recon/NFS4-R-AU/frontend/common/screencarselect.cpp
SetDialog__25tScreenCarSelectTwoPlayer	CHANGED	JPN+USA	USA	8003EFD0	48	frontend/common/screencarselect	regiondiff/recon/NFS4-R-USA/frontend/common/screencarselect.cpp
SetDialog__25tScreenPinkSlipsCarSelect	CHANGED	AU+FR-DE+UK-ES-IT+UK-SW	AU	8003F6A4	164	frontend/common/screencarselect	regiondiff/recon/NFS4-R-AU/frontend/common/screencarselect.cpp
SetDialog__25tScreenPinkSlipsCarSelect	CHANGED	JPN+USA	USA	8003F6AC	164	frontend/common/screencarselect	regiondiff/recon/NFS4-R-USA/frontend/common/screencarselect.cpp
Sky_RenderStars__FP13Draw_SkyCachei	CHANGED	AU+FR-DE+UK-ES-IT+UK-SW	AU	800D1EEC	111	game/psx/hrzsku	regiondiff/recon/NFS4-R-AU/game/psx/hrzsku.cpp
TextValue__18tListIteratorTrack7tPlayer	CHANGED	AU+FR-DE+JPN+UK-ES-IT+UK-SW+USA	USA	80021F34	16	frontend/common/fetracks	regiondiff/recon/NFS4-R-USA/frontend/common/fetracks.cpp
TextValue__23tListIteratorTournament7tPlayer	CHANGED	AU+FR-DE+JPN+UK-ES-IT+UK-SW+USA	USA	80033F64	22	frontend/common/fetourn	regiondiff/recon/NFS4-R-USA/frontend/common/fetourn.cpp
TransitionOn__17tUserNameMenuItem	CHANGED	AU+FR-DE+JPN+UK-ES-IT+UK-SW+USA	USA	800206E0	141	frontend/common/femenuoptions	regiondiff/recon/NFS4-R-USA/frontend/common/femenuoptions.cpp
TrsProj_SetViewTrsProjEnviro__FP13DRender_tView	CHANGED	AU+FR-DE+UK-ES-IT+UK-SW	AU	800E2640	21	game/psx/trsproj	regiondiff/recon/NFS4-R-AU/game/psx/trsproj.cpp
UpdateTrackList__18tTournamentManagerss	CHANGED	AU+FR-DE+JPN+UK-ES-IT+UK-SW+USA	USA	800326D4	52	frontend/common/fetourn	regiondiff/recon/NFS4-R-USA/frontend/common/fetourn.cpp
ValidCar__16tListIteratorCar7tPlayerc	CHANGED	AU+FR-DE+JPN+UK-ES-IT+UK-SW+USA	USA	80018214	243	frontend/common/fecars	regiondiff/recon/NFS4-R-USA/frontend/common/fecars.cpp
ValidCar__18tTournamentManagerR8tCarInfo	CHANGED	AU+FR-DE+JPN+UK-ES-IT+UK-SW+USA	USA	80033D60	94	frontend/common/fetourn	regiondiff/recon/NFS4-R-USA/frontend/common/fetourn.cpp
Weather_InitSplats__Fv	CHANGED	AU+FR-DE+UK-ES-IT+UK-SW	AU	800E2C10	69	game/psx/weather	regiondiff/recon/NFS4-R-AU/game/psx/weather.cpp
nfs2eacinit__Fv	CHANGED	AU+FR-DE+JPN+UK-ES-IT+UK-SW+USA	USA	800DD064	18	game/psx/platform	regiondiff/recon/NFS4-R-USA/game/psx/platform.cpp
savegp	CHANGED	AU+FR-DE+UK-ES-IT+UK-SW	AU	800EB9D8	5	eaclib/psx/eacpsxz/savegp	regiondiff/recon/NFS4-R-AU/eaclib/psx/eacpsxz/savegp.c
savegp	CHANGED	JPN	JPN	800EB7D8	5	eaclib/psx/eacpsxz/savegp	regiondiff/recon/NFS4-R-JPN/eaclib/psx/eacpsxz/savegp.c
savegp	CHANGED	USA	USA	800EB9EC	5	eaclib/psx/eacpsxz/savegp	regiondiff/recon/NFS4-R-USA/eaclib/psx/eacpsxz/savegp.c
CalculateDimensions__11tDialogHelp	CHANGED	AU+FR-DE+UK-ES-IT+UK-SW	AU	80018CF8	359	frontend/common/fedialog	regiondiff/recon/NFS4-R-AU/frontend/common/fedialog.cpp
CalculateDimensions__11tDialogHelp	CHANGED	USA	USA	80018CD0	359	frontend/common/fedialog	regiondiff/recon/NFS4-R-USA/frontend/common/fedialog.cpp
Confirm__Fii	CHANGED	AU+FR-DE+UK-ES-IT+UK-SW+USA	USA	80034568	109	frontend/common/fememcard	regiondiff/recon/NFS4-R-USA/frontend/common/fememcard.cpp
DrawHelpIcons__14tFEApplication	CHANGED	AU+FR-DE+UK-ES-IT+UK-SW+USA	USA	8001349C	254	frontend/common/feapp	regiondiff/recon/NFS4-R-USA/frontend/common/feapp.cpp
Init_MemcardFile__FR12MCRDFILE_defsb	CHANGED	USA	USA	800349E0	58	frontend/common/fememcard	regiondiff/recon/NFS4-R-USA/frontend/common/fememcard.cpp
Initialize__14tScreenMemcard	CHANGED	JPN+USA	USA	80048088	106	frontend/common/screenmemcard	regiondiff/recon/NFS4-R-USA/frontend/common/screenmemcard.cpp
SetCurrentController__23tScreenControllerConfigb	CHANGED	AU+FR-DE+UK-ES-IT+UK-SW+USA	USA	80043B60	222	frontend/common/screencontroller	regiondiff/recon/NFS4-R-USA/frontend/common/screencontroller.cpp
