name	distinct	groups
AIScript_Assign__FP10AIScript_tPA7_25AIScript_tReactionDetails	1	AU+FR-DE+JPN+UK-ES-IT+UK-SW+USA(8w)
AIState_Restart__Fv	1	AU+FR-DE+JPN+UK-ES-IT+UK-SW+USA(16w)
AIState_StartUp__Fv	1	AU+FR-DE+JPN+UK-ES-IT+UK-SW+USA(16w)
AdjustPosition__16tListIteratorCar7tPlayers	1	AU+FR-DE+JPN+UK-ES-IT+UK-SW+USA(380w)
AllocatePrimitivesBuffer__Fv	1	AU+FR-DE+JPN+UK-ES-IT+UK-SW+USA(39w)
AudioClc_CalcAzimuth__FP17DRender_tCalcViewP8coorddef	1	AU+FR-DE+JPN+UK-ES-IT+UK-SW+USA(96w)
AudioClc_CalcTrackAzimuth__FP17DRender_tCalcViewP8Car_tObj	1	AU+FR-DE+JPN+UK-ES-IT+UK-SW+USA(85w)
AudioClc_SoundCars__Fv	1	AU+FR-DE+JPN+UK-ES-IT+UK-SW+USA(180w)
AudioClc_SoundCloseCar__Fii	1	AU+FR-DE+JPN+UK-ES-IT+UK-SW+USA(61w)
AudioClc_SoundPlayersCar__Fi	1	AU+FR-DE+JPN+UK-ES-IT+UK-SW+USA(318w)
AudioCmn_LoadAsyncSfx__FiiPvi	1	AU+FR-DE+JPN+UK-ES-IT+UK-SW+USA(99w)
AudioCmn_MusicLevel__Fi	1	AU+FR-DE+JPN+UK-ES-IT+UK-SW+USA(14w)
AudioCmn_PlayDoppleredSound__Fiiiiii	1	AU+FR-DE+JPN+UK-ES-IT+UK-SW+USA(153w)
AudioCmn_PlaySFX__Fiiiiii	1	AU+FR-DE+JPN+UK-ES-IT+UK-SW+USA(343w)
AudioCmn_Reset__Fv	1	AU+FR-DE+JPN+UK-ES-IT+UK-SW+USA(196w)
AudioCmn_SoundCar__FP8Car_tObjiiiiiii	1	AU+FR-DE+JPN+UK-ES-IT+UK-SW+USA(540w)
AudioCmn_TrafficSFX__Fiiiiiiii	1	AU+FR-DE+JPN+UK-ES-IT+UK-SW+USA(177w)
AudioCmn_UnPause__Fv	1	AU+FR-DE+JPN+UK-ES-IT+UK-SW+USA(28w)
AudioEng_Set__Fiiiiiiii	1	AU+FR-DE+JPN+UK-ES-IT+UK-SW+USA(164w)
AudioMus_Fail__Fi	1	AU+FR-DE+JPN+UK-ES-IT+UK-SW+USA(39w)
AudioMus_QueueRequestedSong__Fv	1	AU+FR-DE+JPN+UK-ES-IT+UK-SW+USA(40w)
AudioMus_Server__Fii	1	AU+FR-DE+JPN+UK-ES-IT+UK-SW+USA(242w)
Audio_InitDriver__Fii	1	AU+FR-DE+JPN+UK-ES-IT+UK-SW+USA(61w)
BWorld_Init__Fv	1	AU+FR-DE+JPN+UK-ES-IT+UK-SW+USA(187w)
BWorld_OpenContext__Fii	1	AU+FR-DE+JPN+UK-ES-IT+UK-SW+USA(56w)
CD_Read	1	AU+FR-DE+JPN+UK-ES-IT+UK-SW+USA(162w)
CD_get_intr	1	AU+FR-DE+JPN+UK-ES-IT+UK-SW+USA(343w)
CD_systaskfunc	1	AU+FR-DE+JPN+UK-ES-IT+UK-SW+USA(108w)
CD_timerfunc	1	AU+FR-DE+JPN+UK-ES-IT+UK-SW+USA(24w)
CalculateDimensions__11tDialogHelp	1	JPN(350w)
Camera_GetViewInfo__FiP17DRender_tCalcViewi	1	AU+FR-DE+UK-ES-IT+UK-SW(206w)
CarIO_ReadInCarTextureData__FPcP8Car_tObjii	1	JPN(494w)
CarIO_UpdateCarTextureData__FPcP8Car_tObji	1	JPN(304w)
Car_DoPostCollisionStuff__FP8Car_tObj	1	AU+FR-DE+JPN+UK-ES-IT+UK-SW+USA(180w)
CdReadyHandler	1	AU+FR-DE+JPN+UK-ES-IT+UK-SW+USA(300w)
Cleanup__14tScreenMemcard	1	AU+FR-DE+JPN+UK-ES-IT+UK-SW+USA(36w)
Cleanup__16tScreenPinkSlips	1	AU+FR-DE+JPN+UK-ES-IT+UK-SW+USA(31w)
Confirm__Fii	1	JPN(109w)
CopSpeak_Alloc__FP17CopSpeak_tRequest	1	AU+FR-DE+JPN+UK-ES-IT+UK-SW+USA(32w)
CopSpeak_DirectRequest__FillP8Car_tObjPc	1	AU+FR-DE+JPN+UK-ES-IT+UK-SW+USA(49w)
CopSpeak_Free__FP17CopSpeak_tRequest	1	AU+FR-DE+JPN+UK-ES-IT+UK-SW+USA(45w)
CopSpeak_GenericBankRequest__FiP8Car_tObj	1	AU+FR-DE+JPN+UK-ES-IT+UK-SW+USA(47w)
CopSpeak_InitRequest__FP17CopSpeak_tRequest	1	AU+FR-DE+JPN+UK-ES-IT+UK-SW+USA(13w)
CopSpeak_InitVars__Fv	1	AU+FR-DE+JPN+UK-ES-IT+UK-SW+USA(32w)
CopSpeak_LoadNextRequest__Fv	1	AU+FR-DE+JPN+UK-ES-IT+UK-SW+USA(135w)
CopSpeak_PlayNextRequest__Fv	1	AU+FR-DE+JPN+UK-ES-IT+UK-SW+USA(81w)
CopSpeak_ReadyNextRequest__Fv	1	AU+FR-DE+JPN+UK-ES-IT+UK-SW+USA(176w)
CopSpeak_Request__FP17CopSpeak_tRequest	1	AU+FR-DE+JPN+UK-ES-IT+UK-SW+USA(84w)
DeInit_Memcard__Fv	1	AU+FR-DE+JPN+UK-ES-IT+UK-SW+USA(42w)
Device_VerifyType__Fi	1	JPN(47w)
DoLanguageScreen__Fv	3	FR-DE(183w) || UK-ES-IT(193w) || UK-SW(182w)
DoMemCardStuff__25tScreenPinkSlipsCarSelect	1	AU+FR-DE+JPN+UK-ES-IT+UK-SW+USA(193w)
DoTitleScreen__Fv	1	AU+FR-DE+UK-ES-IT+UK-SW(66w)
DrawBackground__16tScreenPinkSlips	1	AU+FR-DE+JPN+UK-ES-IT+UK-SW+USA(390w)
DrawBackground__18tScreenTrackSelect	1	AU+FR-DE+UK-ES-IT+UK-SW(301w)
DrawC_PrimHalo__FP10matrixtdefP8coorddefP16Transformer_zObjiiiP13Draw_CarCache	1	AU+FR-DE+JPN+UK-ES-IT+UK-SW+USA(301w)
DrawCar__FR8tCarInfossffcbUl7tPlayer	2	AU+FR-DE+UK-ES-IT+UK-SW(125w) || JPN+USA(125w)
DrawCongratsMessage__23tScreenBeTheCopCongrats	1	AU+FR-DE+JPN+UK-ES-IT+UK-SW+USA(48w)
DrawCongratsMessage__23tScreenTournamentTrophy	2	AU+FR-DE+UK-ES-IT+UK-SW+USA(185w) || JPN(200w)
DrawForeground__14tScreenMemcard	1	AU+FR-DE+JPN+UK-ES-IT+UK-SW+USA(67w)
DrawForeground__16tScreenCarSelect	1	AU+FR-DE+JPN+UK-ES-IT+UK-SW+USA(566w)
DrawForeground__18tScreenTournSelect	1	AU+FR-DE+JPN+UK-ES-IT+UK-SW+USA(42w)
DrawHelpIcons__14tFEApplication	1	JPN(136w)
DrawOneRecord__19tScreenTrackRecordsibi	1	AU+FR-DE+JPN+UK-ES-IT+UK-SW+USA(156w)
DrawVideoWall__25tScreenCarSelectTwoPlayers	1	AU+FR-DE+JPN+UK-ES-IT+UK-SW+USA(104w)
DrawW_StripDraw_High__FP25Draw_tGiveShelbyMoreCache	1	AU+FR-DE+JPN+UK-ES-IT+UK-SW+USA(52w)
DrawW_kCtrlWorld_High__FP25Draw_tGiveShelbyMoreCache	1	AU+FR-DE+JPN+UK-ES-IT+UK-SW+USA(26w)
Draw_CheckFirstFrameRender__Fv	1	AU+FR-DE+UK-ES-IT+UK-SW(36w)
Draw_DirectSetEnvironment__Fiiiiiiiiii	1	AU+FR-DE+UK-ES-IT+UK-SW(69w)
Draw_InitRenderEngine__Fiiiiii	1	AU+FR-DE+UK-ES-IT+UK-SW(47w)
Draw_MenuRenderingView__FP8Car_tObjP13DRender_tViewiiiUliffii	1	AU+FR-DE+UK-ES-IT+UK-SW(235w)
Draw_SetViewMemBudget__Fii	1	AU+FR-DE+JPN+UK-ES-IT+UK-SW+USA(11w)
Draw_StartRenderingView__Fi	1	AU+FR-DE+JPN+UK-ES-IT+UK-SW+USA(60w)
Draw__11tDialogHelp	1	JPN(139w)
Draw__20tMenuItemSlidingMenuiib	1	AU+FR-DE+UK-ES-IT+UK-SW(402w)
Draw__25tPMenuItemLeftRightChoiceb	1	JPN(44w)
Draw__25tPMenuItemLeftRightSliderb	1	JPN(96w)
FECheat_ActivateBonusByCode__FPc	1	AU+FR-DE+JPN+UK-ES-IT+UK-SW+USA(46w)
FECheat_ActivateCheat__FPc	1	AU+FR-DE+JPN+UK-ES-IT+UK-SW+USA(66w)
FECheat_HandleActivation__F10tCheatCode	1	AU+FR-DE+JPN+UK-ES-IT+UK-SW+USA(36w)
FECheat_LoadBonus__FRUl	1	AU+FR-DE+JPN+UK-ES-IT+UK-SW+USA(30w)
FEInput_GetKeyFromPlayer__F7tPlayerl	1	JPN(77w)
FEInput_GetNoDebounceKey__Fii	1	JPN(122w)
FEInput_VerifyControllerValues__Fi	1	JPN(28w)
FeTools_DrawPSXButton__FUcUsii	1	AU+FR-DE+JPN+UK-ES-IT+UK-SW+USA(126w)
FntPrint	1	AU+FR-DE+JPN+UK-ES-IT+UK-SW+USA(243w)
Front_AppendOpponentData__FPiR9tFEStream	1	AU+FR-DE+JPN+UK-ES-IT+UK-SW+USA(205w)
Front_GetInGameVars__Fv	1	AU+FR-DE+JPN+UK-ES-IT+UK-SW+USA(63w)
Front_InitMissions__FR9tFEStream	1	AU+FR-DE+JPN+UK-ES-IT+UK-SW+USA(85w)
Front_InitTrack__FR9tFEStream	1	AU+FR-DE+JPN+UK-ES-IT+UK-SW+USA(117w)
Front_InitialMemCardCheck__Fv	2	AU+FR-DE+UK-ES-IT+UK-SW(42w) || JPN+USA(25w)
Front_SecondaryMemCardCheck__Fv	1	AU+FR-DE+JPN+UK-ES-IT+UK-SW+USA(53w)
GameSetup_StartUp__FPi	1	AU+FR-DE+JPN+UK-ES-IT+UK-SW+USA(263w)
GetCarFromID__11tCarManagers	1	AU+FR-DE+JPN+UK-ES-IT+UK-SW+USA(28w)
GetShapeInfo__15tScreenCongratsRsT1PPcT3	1	AU+FR-DE+JPN+UK-ES-IT+UK-SW+USA(148w)
GetShapeInfo__25tScreenCarSelectTwoPlayerRsT1PPcT3	1	AU+FR-DE+JPN+UK-ES-IT+UK-SW+USA(58w)
GetShapeInfo__25tScreenPinkSlipsCarSelectRsT1PPcT3	1	AU+FR-DE+JPN+UK-ES-IT+UK-SW+USA(30w)
GoNonInterlaced__7tScreen	1	AU+FR-DE+UK-ES-IT+UK-SW(51w)
HighExecute__10AIHigh_Cop	1	AU+FR-DE+JPN+UK-ES-IT+UK-SW+USA(1464w)
Hud_BuildNumbers__Fi	1	AU+FR-DE+JPN+UK-ES-IT+UK-SW+USA(758w)
Hud_CreateHudViews__Fv	1	AU+FR-DE+UK-ES-IT+UK-SW(187w)
Hud_DebugInfo__Fv	1	AU+FR-DE+JPN+UK-ES-IT+UK-SW+USA(2w)
Hud_ParseTime__FiPc	1	AU+FR-DE+JPN+UK-ES-IT+UK-SW+USA(97w)
Init_MemcardFile__FR12MCRDFILE_defsb	1	AU+FR-DE+JPN+UK-ES-IT+UK-SW(32w)
Init_Memcard__FbT0	2	AU+FR-DE+JPN+UK-ES-IT+UK-SW(90w) || USA(89w)
Init_RenderingEnvironment__Fv	1	AU+FR-DE+UK-ES-IT+UK-SW(62w)
Init__14tCreditManageri	1	AU(54w)
Initialize__11tScreenMain	3	AU(219w) || FR-DE+UK-ES-IT+UK-SW+USA(221w) || JPN(223w)
Initialize__14tScreenMemcard	1	AU+FR-DE+UK-ES-IT+UK-SW(107w)
Initialize__25tScreenCarSelectTwoPlayer	1	AU+FR-DE+JPN+UK-ES-IT+UK-SW+USA(32w)
Initialize__25tScreenPinkSlipsCarSelect	1	AU+FR-DE+JPN+UK-ES-IT+UK-SW+USA(28w)
InstanceGroup__5ChunkP15SerializedGroupP9SimpleMem	1	AU+FR-DE+JPN+UK-ES-IT+UK-SW+USA(354w)
LoadDescription__15tMissionManagerb	1	AU+FR-DE+JPN+UK-ES-IT+UK-SW+USA(77w)
LoadGame__FsbT1	1	AU+FR-DE+JPN+UK-ES-IT+UK-SW+USA(388w)
Lose__Q26Speech13MobileSpeaker	1	AU+FR-DE+JPN+UK-ES-IT+UK-SW+USA(209w)
MPause_MusicLogic__Fc	1	AU+FR-DE+JPN+UK-ES-IT+UK-SW+USA(192w)
MemCardCmd_cb	1	AU+FR-DE+JPN+UK-ES-IT+UK-SW+USA(141w)
MenuExtended_AwardPinkSlipsCar__FR12tMenuCommand	1	AU+FR-DE+JPN+UK-ES-IT+UK-SW+USA(173w)
MenuExtended_LoadGame__FR12tMenuCommand	1	AU+FR-DE+JPN+UK-ES-IT+UK-SW+USA(54w)
MenuNFS4_DrawTextBox__FiR4RECTissbT5	2	AU+FR-DE+UK-ES-IT+UK-SW(302w) || JPN+USA(301w)
Movie_Play__Fc	2	AU+FR-DE+UK-ES-IT+UK-SW(136w) || JPN+USA(134w)
NFS4_LoadPerps__Fv	1	AU+FR-DE+JPN+UK-ES-IT+UK-SW+USA(172w)
Newton_TestForUndrivableSurfaces__FP13BO_tNewtonObj	1	AU+FR-DE+JPN+UK-ES-IT+UK-SW+USA(492w)
Object_KillStatus__Fv	1	AU+FR-DE+JPN+UK-ES-IT+UK-SW+USA(28w)
PAD_restore	1	AU+FR-DE+JPN+UK-ES-IT+UK-SW+USA(17w)
PAD_state	1	AU+FR-DE+JPN+UK-ES-IT+UK-SW+USA(20w)
PAD_update	1	AU+FR-DE+JPN+UK-ES-IT+UK-SW+USA(63w)
PadInfoAct	1	AU+FR-DE+JPN+UK-ES-IT+UK-SW+USA(53w)
Physics_Real__FP8Car_tObj	1	AU+FR-DE+JPN+UK-ES-IT+UK-SW+USA(1273w)
Platform_SysStartUp__Fv	1	AU+FR-DE+JPN+UK-ES-IT+UK-SW+USA(58w)
PreLoad__11tScreenMain	1	AU+FR-DE+JPN+UK-ES-IT+UK-SW+USA(39w)
ProcessInput__16tScreenCarSelect7tPlayerR13tInputKeyTypeR12tMenuCommand	1	AU+FR-DE+JPN+UK-ES-IT+UK-SW+USA(111w)
ProcessInput__25tScreenPinkSlipsCarSelect7tPlayerR13tInputKeyTypeR12tMenuCommand	1	AU+FR-DE+JPN+UK-ES-IT+UK-SW+USA(58w)
R3DCar_InsertCarFacetII__FP8Car_tObj	1	AU+FR-DE+JPN+UK-ES-IT+UK-SW+USA(382w)
R3DCar_InsertCarFacet__FP8Car_tObjP13DRender_tView	1	AU+FR-DE+JPN+UK-ES-IT+UK-SW+USA(1153w)
Redraw__14tFEApplication	3	AU+FR-DE+UK-ES-IT+UK-SW(363w) || JPN(373w) || USA(360w)
Render_CreatePlayerViews__Fv	1	AU+FR-DE+UK-ES-IT+UK-SW(59w)
Render_InitBlurMode__Fv	1	AU+FR-DE+JPN+UK-ES-IT+UK-SW+USA(27w)
Render_InitTrackRender__Fv	1	AU+FR-DE+UK-ES-IT+UK-SW(46w)
Render_RenderWorld__FP13DRender_tView	1	AU+FR-DE+JPN+UK-ES-IT+UK-SW+USA(41w)
Render_Render__Fi	1	AU+FR-DE+JPN+UK-ES-IT+UK-SW+USA(82w)
RunDemoVideo__14tFEApplication	1	AU+FR-DE+JPN+UK-ES-IT+UK-SW+USA(184w)
SaveGame__Fs	1	AU+FR-DE+JPN+UK-ES-IT+UK-SW+USA(298w)
SavePinkSlipsCars__Fss	1	AU+FR-DE+JPN+UK-ES-IT+UK-SW+USA(236w)
SetCurrentController__23tScreenControllerConfigb	1	JPN(183w)
SetupChunkBuildList__FP13DRender_tView	1	AU+FR-DE+JPN+UK-ES-IT+UK-SW+USA(224w)
SetupCurrCredit__14tCreditManager	1	AU+FR-DE+JPN+UK-ES-IT+UK-SW+USA(214w)
ShakeIt__23tScreenControllerConfig	1	JPN(2w)
StatChk_IsRecordLapTime__FP10Car_tStatssPs	1	AU+FR-DE+JPN+UK-ES-IT+UK-SW+USA(207w)
StatChk_IsTopTime__FP10Car_tStatss	1	AU+FR-DE+JPN+UK-ES-IT+UK-SW+USA(299w)
StatChk_SaveTopTime__FP10Car_tStatss	1	AU+FR-DE+JPN+UK-ES-IT+UK-SW+USA(437w)
Stats_ExtrapolateOpponentTimes__Fi	1	AU+FR-DE+JPN+UK-ES-IT+UK-SW+USA(490w)
Stattool_nCreateIndex__FiPiPs	1	AU+FR-DE+JPN+UK-ES-IT+UK-SW+USA(77w)
SwapBackground__11tScreenMaini	2	AU(110w) || JPN(109w)
Track_DeInit__Fv	1	AU+FR-DE+JPN+UK-ES-IT+UK-SW+USA(55w)
Track_Init__FPc	1	AU+FR-DE+JPN+UK-ES-IT+UK-SW+USA(291w)
UpdateTrackFinishPoints__18tTournamentManager	1	AU+FR-DE+JPN+UK-ES-IT+UK-SW+USA(129w)
UserNameUpperCaseOneLetter__FPc	1	AU+FR-DE+JPN+UK-ES-IT+UK-SW+USA(72w)
Weather_DoSplats__FiP18Weather_tSplatInfo	1	AU+FR-DE+UK-ES-IT+UK-SW(97w)
__15tGlobalMenuDefs	2	AU+FR-DE+UK-ES-IT+UK-SW+USA(3207w) || JPN(3197w)
func_80012F40	1	JPN(106w)
func_80012F50	1	USA(106w)
func_80012F6C	1	AU(107w)
func_80012FC4	1	FR-DE+UK-SW(107w)
func_80012FDC	1	UK-ES-IT(107w)
func_8004DCB4	1	AU(37w)
func_8004DD24	1	FR-DE+UK-SW(37w)
func_8004DD3C	1	UK-ES-IT(37w)
func_80051568	1	JPN(6913w)
func_80051AA0	1	USA(6579w)
func_80051B58	1	AU(6533w)
func_80051E60	1	UK-SW(6339w)
func_80051E68	1	FR-DE(6337w)
func_80051EA8	1	UK-ES-IT(6321w)
func_800702E4	1	AU+FR-DE+JPN+UK-ES-IT+UK-SW+USA(19w)
func_80070330	1	AU+FR-DE+JPN+UK-ES-IT+UK-SW+USA(15w)
func_80075F28	1	AU+FR-DE+JPN+UK-ES-IT+UK-SW+USA(465w)
func_8009A5AC	1	JPN+USA(44w)
func_8009A5B0	1	AU+FR-DE+UK-ES-IT+UK-SW(44w)
func_8009B57C	1	JPN+USA(192w)
func_8009B580	1	AU+FR-DE+UK-ES-IT+UK-SW(192w)
func_800A7788	1	JPN+USA(14w)
func_800A778C	1	AU+FR-DE+UK-ES-IT+UK-SW(14w)
func_800A77C0	1	JPN+USA(9w)
func_800A77C4	1	AU+FR-DE+UK-ES-IT+UK-SW(9w)
func_800A77E4	1	JPN+USA(10w)
func_800A77E8	1	AU+FR-DE+UK-ES-IT+UK-SW(10w)
func_800A780C	1	JPN+USA(6w)
func_800A7810	1	AU+FR-DE+UK-ES-IT+UK-SW(6w)
func_800A7824	1	JPN+USA(8w)
func_800A7828	1	AU+FR-DE+UK-ES-IT+UK-SW(8w)
func_800A7844	1	JPN+USA(8w)
func_800A7848	1	AU+FR-DE+UK-ES-IT+UK-SW(8w)
func_800A7864	1	JPN+USA(8w)
func_800A7868	1	AU+FR-DE+UK-ES-IT+UK-SW(8w)
func_800A7884	1	JPN+USA(8w)
func_800A7888	1	AU+FR-DE+UK-ES-IT+UK-SW(8w)
func_800BB0A8	1	JPN(57w)
func_800BB2F4	1	USA(57w)
func_800BB2F8	1	AU+FR-DE+UK-ES-IT+UK-SW(57w)
func_800DCC90	1	JPN(2w)
func_800DCC98	1	JPN(2w)
func_800DCEA4	1	USA(2w)
func_800DCEAC	1	USA(2w)
func_800DCED0	1	AU+FR-DE+UK-ES-IT+UK-SW(2w)
func_800DCED8	1	AU+FR-DE+UK-ES-IT+UK-SW(2w)
func_800EECDC	1	AU+FR-DE+UK-ES-IT+UK-SW(16w)
func_801051A4	1	JPN(4w)
func_801053B8	1	USA(4w)
func_801053E4	1	AU+FR-DE+UK-ES-IT+UK-SW(4w)
iSNDdmtransfer	1	AU+FR-DE+JPN+UK-ES-IT+UK-SW+USA(129w)
iSNDsin	1	AU+FR-DE+JPN+UK-ES-IT+UK-SW+USA(38w)
main	1	AU+FR-DE+UK-ES-IT+UK-SW(237w)
padinit	1	AU+FR-DE+JPN+UK-ES-IT+UK-SW+USA(27w)
s_lower__FPc	1	JPN(8w)
s_upper__FPc	1	JPN(8w)
sprintf	1	AU+FR-DE+JPN+UK-ES-IT+UK-SW+USA(548w)
videodecode__FP11VIDEOSTRUCTP14STREAMCHUNKHDRii	1	AU+FR-DE+JPN+UK-ES-IT+UK-SW+USA(258w)
