symbol	base_addr	region_addr	votes	total_sites
AICop_gRoadBlockState	8013C574	8013D890	10	10
AICop_numArrestedHumans	8013C578	8013D894	6	6
AICop_rawTriggers	8013C570	8013D88C	4	4
AICop_spikeBelt	8010D54C	8010E1D4	11	11
AIDataRecord_BestLine	8013C5A0	8013D8BC	4	4
AIDataRecord_RecordMethod	8013C5AC	8013D8C8	1	1
AIDataRecord_TrackCurve	8013C5A4	8013D8C0	12	12
AIDataRecord_WhichRecord	8013C5A8	8013D8C4	1	1
AIH_BTCCop_chasePositions	8010CDA4	8010DA2C	1	1
AIH_BTC_Cop_1HC1HP_StageTimes	8010CD98	8010DA20	1	1
AIH_Cop_chasePositions	8010CEEC	8010DB74	1	1
AIHigh_BTC_uTurnProb1000Skills	8010CE8C	8010DB14	1	1
AIHigh_BasicPerp_CaughtDistance	8010CD8C	8010DA14	1	1
AIHigh_BasicPerp_CopCaughtSpeed	8010CD80	8010DA08	1	1
AIHigh_BasicPerp_MinDeltaSpeed	8010CD74	8010D9FC	1	1
AIHigh_BasicPerp_PlayerCaughtDeltaY	8010CD68	8010D9F0	1	1
AIHigh_BasicPerp_PlayerCaughtSpeed	8010CD5C	8010D9E4	1	1
AIHigh_CopGameType	8013C55C	8013D878	13	13
AIHigh_Player_kNumArrestsByLap	8010CE98	8010DB20	1	1
AIInit_forceHumanHandBrake	8013C584	8013D8A0	3	3
AIInit_useSpreadForce	8013C580	8013D89C	2	2
AIPerson_PersonalityData	8010D768	8010E3F0	2	2
AIPerson_ScriptData	8010DA5C	8010E6E4	2	2
AIPerson_attackActivationHits	8010D65C	8010E2E4	1	1
AIPerson_attackTimes	8010D66C	8010E2F4	1	1
AIPerson_bestLineAbilities	8010D704	8010E38C	1	1
AIPerson_blockMaxDistance	8010D5CC	8010E254	1	1
AIPerson_blockMinDistance	8010D5DC	8010E264	1	1
AIPerson_brakeMultiplier	8010D64C	8010E2D4	1	1
AIPerson_fishtailAngles	8010D67C	8010E304	1	1
AIPerson_glueTable	8010D714	8010E39C	5	5
AIPerson_gripLossMinFactor	8010D69C	8010E324	1	1
AIPerson_gripLossProbPerSecond	8010D68C	8010E314	1	1
AIPerson_gripLossRecoveryPerTick	8010D6AC	8010E334	1	1
AIPerson_laneSwerve	8010D5FC	8010E284	1	1
AIPerson_minimumWipeOutTicks	8010D6BC	8010E344	1	1
AIPerson_oncomingLookAhead	8010D5EC	8010E274	1	1
AIPerson_randomWipeOutTicks	8010D6D0	8010E358	1	1
AIPerson_rearEndProbMask	8010D6E4	8010E36C	1	1
AIPerson_smackProbMask	8010D6F4	8010E37C	1	1
AIPerson_swerveChangeProb	8010D63C	8010E2C4	1	1
AIPhysicConfig	8010DC74	8010E8FC	6	6
AIPhysic_Main__FP8Car_tObj	80069B84	8006A384	1	1
AIPhysic_elapsedTime	8013C59C	8013D8B8	20	20
AIPhysic_iTime	8013C594	8013D8B0	9	9
AIPhysic_time	8013C598	8013D8B4	1	1
AISpeeds_TrackSpeeds	8010DD78	8010EA00	1	1
AITraffic_rawTriggers	8013C57C	8013D898	3	3
AITrigger_Compare__FPCvT0	80072E18	800736F8	1	1
AITune_BTC	8010DE14	8010F104	5	5
AITune_BTCPerpAccMults	8010DE68	8010F158	1	1
AITune_LifeTimer	8010DFDC	8010F2CC	1	1
AITune_MaxTraffic	8010DFBC	8010F2AC	1	1
AITune_accelerationScale	8010DF04	8010F1F4	1	1
AITune_driveSide	8013C5F4	8013D910	10	10
AITune_gRoughLapTime	8013C5F8	8013D914	7	7
AITune_oneWay	8013C5F0	8013D90C	7	7
AITune_trackInfo	8010DE74	8010F164	4	4
AI_Info	8010CCF0	8010D978	20	20
AI_elapsedTime	8013C554	8013D870	20	20
AI_iTime	8013C558	8013D874	1	1
AI_time	8013C550	8013D86C	1	1
Anim_gInstanceFromIndex	8010E1CC	8010F4BC	4	4
ArrowLocations	80052104	80052954	2	2
AudioClc_gBullHornCount	8013C610	8013D930	1	1
AudioClc_gBumpCopCount	8013C614	8013D934	1	1
AudioClc_gCameraVelocity	8013C608	8013D928	2	2
AudioClc_gClosest	8010E348	8010F638	7	7
AudioClc_gLastVoice	8013C618	8013D938	1	1
AudioClc_gLastphrase1	8013C61C	8013D93C	1	1
AudioClc_gLastphrase2	8013C620	8013D940	1	1
AudioClc_gLastphrase3	8013C624	8013D944	1	1
AudioClc_gPlayer	8010E2A8	8010F598	2	2
AudioClc_gRandomPhrase	8013C60C	8013D92C	1	1
AudioClc_gRenderView	8010E428	8010F718	8	8
AudioCmn_ThunderAmp	8013C714	8013DA34	8	8
AudioCmn_ThunderAzi	8013C718	8013DA38	3	3
AudioCmn_ThunderDel	8013C71C	8013DA3C	5	5
AudioCmn_gCursorSndHandle	8013C6D8	8013D9F8	4	4
AudioCmn_gLastFade	8013C6DC	8013D9FC	2	2
AudioCmn_gPlayerArrested	8013C6D0	8013D9F0	2	2
AudioCmn_gReTrig	8010E868	8010FB58	1	1
AudioCmn_gResume	8013C6E8	8013DA08	1	1
AudioCmn_gSfxSlot	8010EB34	8010FE24	8	8
AudioCmn_gStreamRestartTimer	8013C6EC	8013DA0C	1	1
AudioCmn_kAudioOn	8013C644	8013D964	7	7
AudioCmn_kAudioStreamingOn	8013C648	8013D968	2	2
AudioEng_Update__Fv	8007B824	8007C1CC	2	2
AudioEng_g	8013C734	8013DA54	4	4
AudioMus_Server__Fii	8007A3D0	8007AE4C	2	2
AudioMus_g	8013C720	8013DA40	72	72
AudioTrk_g	8013C754	8013DA74	19	19
Audio_direct3davail	8013D4FC	8013E810	4	4
Audio_gHeap	8013D500	8013E814	1	1
BTCPerpInfo	80120BC0	80121EDC	5	5
BTC_Countdown	8013D934	8013EC40	7	7
BWSM_NormalCache	8010F0AC	8011039C	4	4
BWSM_NormalCacheSysTime	8013C7D8	8013DAF8	7	7
BW_gCopCarObj	8013C7B4	8013DAD4	9	9
BWorldSm_slices	8013C7C0	8013DAE0	139	139
BWorld_gChunkBuildList	8010EFEC	801102DC	5	5
BWorld_gChunkCount	8013C7A8	8013DAC8	8	8
CChannel	80146C84	80147FEC	2	2
CD_Restore	800FA364	800FAD40	1	1
CD_cbread	8013C2D0	8013D5EC	3	3
CD_cbready	8013BF4C	8013D268	9	9
CD_cbsync	8013BF48	8013D264	21	21
CD_com	8013BF65	8013D281	6	6
CD_comstr	8013BF6C	8013D288	6	6
CD_debug	8013BF50	8013D26C	20	20
CD_intstr	8013BFEC	8013D308	4	4
CD_mode	8013BF64	8013D280	3	3
CD_nopen	8013BF5C	8013D278	2	2
CD_pos	8013BF60	8013D27C	2	2
CD_read_dma_mode	8013C2D4	8013D5F0	8	8
CD_status	8013BF54	8013D270	7	7
CD_status1	8013BF58	8013D274	2	2
CF2_DVLC	80134038	80135358	1	1
CF_DVLC	80124038	80125358	5	5
CURRENTLYUSINGMEMCARD	80051A7C	800522C4	8	8
CURRENTPLAYER	80051A68	800522B0	4	4
Camera_Update__Fv	800833D8	80083DFC	2	2
Camera_gFlags	8010F550	80110840	9	9
Camera_gGeomScreen	8013C7DC	8013DAFC	12	12
Camera_gInfo	8010F2AC	8011059C	91	91
CarIO_Plate1	8013D748	8013EA5C	10	10
CarIO_Plate2	8013D750	8013EA64	10	10
CarIO_carPixMap	8013D71C	8013EA30	31	31
CarIO_carPixMapCount	8013D73C	8013EA50	4	4
CarIO_carVRamAdd	8011EAC8	8011FDE4	2	2
CarIO_carVRamCount	8013D740	8013EA54	8	8
CarIO_carVRamOffset	8011EAD4	8011FDF0	1	1
CarIO_carVRamSlots	8011EA68	8011FD84	1	1
CarIO_carVRamSlotsMenu	8011EAB0	8011FDCC	1	1
CarIO_licensePlate	8011EAE0	8011FDFC	3	3
CarIO_licenseSFX_Count	8013D744	8013EA58	4	4
CarIO_licenseSFX_Vram	8011EBE8	8011FF04	1	1
CarLogic_gObs	8010CCE4	8010D96C	61	61
Car_DoPostCollisionStuff__FP8Car_tObj	800898DC	8008A304	1	1
CaravanInfo	8010DDB4	8010EA3C	2	2
Cars_QDUpdateVelGlue__FP8Car_tObj	80085EE8	80086910	1	1
Cars_gAICarList	8010FA24	80110D14	3	3
Cars_gAIRaceCarList	8010FA6C	80110D5C	3	3
Cars_gCopCarList	8010FAB4	80110DA4	20	20
Cars_gHumanRaceCarList	8010FA48	80110D38	116	116
Cars_gLifeBasisCarList	8010FAD8	80110DC8	4	4
Cars_gList	8010F9DC	80110CCC	66	66
Cars_gNewCarStatsList	8010FB44	80110E34	7	7
Cars_gNumAICars	8013C7FC	8013DB1C	9	9
Cars_gNumAIRaceCars	8013C804	8013DB24	9	9
Cars_gNumCars	8013C7F4	8013DB14	67	67
Cars_gNumCopCars	8013C80C	8013DB2C	28	28
Cars_gNumHumanRaceCars	8013C800	8013DB20	65	65
Cars_gNumLifeBasisCars	8013C810	8013DB30	8	8
Cars_gNumRaceCars	8013C7F8	8013DB18	42	42
Cars_gNumTrafficCars	8013C808	8013DB28	12	12
Cars_gRaceCarList	8010FA00	80110CF0	18	18
Cars_gSortedList	8010FAFC	80110DEC	12	12
Cars_gTotalSortedList	8010FB20	80110E10	9	9
Cars_gTrafficCarList	8010FA90	80110D80	6	6
Cars_kSkidMarkSurface	8010F8C0	80110BB0	6	6
Cars_topSpeedCap	8010F828	80110B18	3	3
CdReadyHandler	800F9CA4	800FA680	1	1
Cdinfo	80146CC4	8014802C	13	13
ChangedEnabling	8013D2EC	8013E5FC	13	13
Chunk_chunkCenters	8013C81C	8013DB3C	4	4
Chunk_lightTable	8013C818	8013DB38	22	22
Chunk_numLight	8013D4EC	8013E800	4	4
Clock_MasterInterruptHandler__Fv	8008B938	8008C42C	4	4
Collide_CheckMeForCollisions__FP13BO_tNewtonObj	800918CC	800923C0	1	1
Collide_gNumRegistered	8013C834	8013DB54	7	7
Collide_gRaiseUp	8013C82C	8013DB4C	2	2
Collide_gRegistry	80110C30	80111F20	2	2
ComingIntoTheFrontEndTheVeryFirstTime	800517EC	80052034	2	2
Control_AI__FP8Car_tObj	80091FDC	80092AD0	1	1
Control_Human__FP8Car_tObj	80091FE4	80092AD8	1	1
ControllerItemIndex	800526E4	80052F34	2	2
CopSpeak_gBuffer	8013D0E4	8013E3E8	3	3
CopSpeak_gCurrent	80111F04	801131F4	2	2
CopSpeak_gNumTrackSfx	8013D0D4	8013E3D4	4	4
CopSpeak_gQueue	80111F24	80113214	3	3
CopSpeak_gQueueHead	8013D0C8	8013E3C8	4	4
CopSpeak_gQueueLoad	8013D0D8	8013E3D8	3	3
CopSpeak_gQueuePlay	8013D0CC	8013E3CC	3	3
CopSpeak_gSpchHandle	8013D0D0	8013E3D0	4	4
CopSpeak_gStaticHandle	8013D0F0	8013E3F4	3	3
CopSpeak_gStaticPatch	8013D0F8	8013E3FC	2	2
Copspeak_gBank	80111EA4	80113194	2	2
CountryMeasurement	80051610	80051EB8	4	4
CreditManager	80114D5C	80116040	4	4
DS_active	8013BF68	8013D284	1	1
D_8001000C	8001000C	8001000C	1	1
D_8001002C	8001002C	8001002C	1	1
D_80010050	80010050	80010044	1	1
D_80010058	80010058	8001004C	1	1
D_80010060	80010060	80010054	1	1
D_8001006C	8001006C	80010060	1	1
D_80010098	80010098	80010090	1	1
D_80010104	80010104	800100FC	1	1
D_80010110	80010110	80010108	1	1
D_80010118	80010118	80010110	2	2
D_80010120	80010120	80010118	1	1
D_80010130	80010130	80010128	1	1
D_8001016C	8001016C	80010164	1	1
D_80010170	80010170	80010168	1	1
D_80010180	80010180	80010178	1	1
D_800101B4	800101B4	800101AC	1	1
D_800101BC	800101BC	800101B4	1	1
D_800101C8	800101C8	800101C0	1	1
D_80010244	80010244	8001023C	1	1
D_800103D0	800103D0	800103C8	1	1
D_8001061C	8001061C	80010614	1	1
D_8001096C	8001096C	80010964	1	1
D_80010974	80010974	8001096C	1	1
D_8001097C	8001097C	80010974	1	1
D_80010984	80010984	8001097C	1	1
D_8001098C	8001098C	80010984	1	1
D_80010A00	80010A00	800109F8	1	1
D_80010FC4	80010FC4	80010FBC	1	1
D_80010FC8	80010FC8	80010FC0	1	1
D_80010FD0	80010FD0	80010FC8	1	1
D_80010FDC	80010FDC	80010FD4	1	1
D_800113F8	800113F8	800113A0	1	1
D_800113FC	800113FC	800113A4	1	1
D_80011400	80011400	800113A8	1	1
D_8001140C	8001140C	800113B4	1	1
D_80011474	80011474	8001141C	1	1
D_80011480	80011480	80011428	1	1
D_8001148C	8001148C	80011434	1	1
D_800114A4	800114A4	8001144C	1	1
D_800114B0	800114B0	80011458	1	1
D_800114B8	800114B8	80011460	1	1
D_800114C0	800114C0	80011468	1	1
D_80011594	80011594	8001153C	1	1
D_8001159C	8001159C	80011544	1	1
D_800115A8	800115A8	80011550	1	1
D_800115B0	800115B0	80011558	1	1
D_80011658	80011658	80011600	1	1
D_8001165C	8001165C	80011604	1	1
D_80011660	80011660	80011608	1	1
D_80011864	80011864	80011814	1	1
D_80011874	80011874	80011824	1	1
D_80011880	80011880	80011830	1	1
D_8001188C	8001188C	8001183C	1	1
D_8001189C	8001189C	8001184C	1	1
D_8001190C	8001190C	800118BC	1	1
D_8001191C	8001191C	800118CC	1	1
D_80011924	80011924	800118D4	2	2
D_8001198C	8001198C	8001193C	1	1
D_80011994	80011994	80011944	1	1
D_8001199C	8001199C	8001194C	1	1
D_80011AA4	80011AA4	80011A54	1	1
D_80011AAC	80011AAC	80011A5C	1	1
D_80011AD4	80011AD4	80011A84	1	1
D_80011ADC	80011ADC	80011A8C	1	1
D_80011AE0	80011AE0	80011A90	3	3
D_80011B18	80011B18	80011AC8	1	1
D_80011B24	80011B24	80011AD4	2	2
D_80011B28	80011B28	80011AD8	1	1
D_80011D94	80011D94	80011D4C	1	1
D_80011D9C	80011D9C	80011D54	2	2
D_80011E0C	80011E0C	80011DC4	1	1
D_80011E14	80011E14	80011DCC	1	1
D_80011E1C	80011E1C	80011DD4	1	1
D_80011E84	80011E84	80011E3C	1	1
D_80011EEC	80011EEC	80011EA4	1	1
D_80011EFC	80011EFC	80011EB4	1	1
D_80011F04	80011F04	80011EBC	1	1
D_80011F58	80011F58	80011F10	1	1
D_80011F60	80011F60	80011F18	1	1
D_80011F6C	80011F6C	80011F24	1	1
D_80011FD4	80011FD4	80011F8C	1	1
D_80011FDC	80011FDC	80011F94	1	1
D_80011FE8	80011FE8	80011FA0	1	1
D_80012064	80012064	8001201C	1	1
D_8001206C	8001206C	80012024	1	1
D_800120C8	800120C8	80012080	1	1
D_8001212C	8001212C	800120E4	1	1
D_8001214C	8001214C	80012104	1	1
D_800121B4	800121B4	8001216C	1	1
D_80012218	80012218	800121D0	1	1
D_800124CC	800124CC	80012484	1	1
D_80012520	80012520	800124D8	1	1
D_800125AC	800125AC	80012564	1	1
D_800125B4	800125B4	8001256C	1	1
D_800125C4	800125C4	8001257C	1	1
D_800125D4	800125D4	8001258C	1	1
D_800125E0	800125E0	80012598	1	1
D_800125E8	800125E8	800125A0	1	1
D_80012790	80012790	80012748	1	1
D_80012798	80012798	80012750	1	1
D_800127A0	800127A0	80012758	1	1
D_800127A8	800127A8	80012760	1	1
D_800127B4	800127B4	8001276C	1	1
D_800127EC	800127EC	800127A4	1	1
D_800127F0	800127F0	800127A8	1	1
D_800127F4	800127F4	800127AC	1	1
D_800127FC	800127FC	800127B4	1	1
D_80012830	80012830	8001284C	1	1
D_8001283C	8001283C	80012858	1	1
D_80012848	80012848	80012868	1	1
D_80012884	80012884	800128A4	2	2
D_800128A8	800128A8	800128C8	1	1
D_800128B4	800128B4	800128D4	1	1
D_800128C8	800128C8	800128E8	1	1
D_800128D4	800128D4	800128F4	1	1
D_800128E0	800128E0	80012900	1	1
D_8005132C	8005132C	80051BD4	2	2
D_800514F8	800514F8	80051DA0	3	3
D_800515D5	800515D5	80051E7D	1	1
D_800515E1	800515E1	80051E89	2	2
D_800515EC	800515EC	80051E94	1	1
D_800515FD	800515FD	80051EA5	1	1
D_800515FF	800515FF	80051EA7	2	2
D_80051738	80051738	80051F80	5	5
D_800517F0	800517F0	80052038	1	1
D_8005187C	8005187C	800520C4	1	1
D_800519E0	800519E0	80052228	1	1
D_80051A60	80051A60	800522A8	3	3
D_80051A64	80051A64	800522AC	5	5
D_80051AA8	80051AA8	800522F8	1	1
D_80051AB8	80051AB8	80052308	2	2
D_80051B28	80051B28	80052378	1	1
D_80051B68	80051B68	800523B8	1	1
D_80051C78	80051C78	800524C8	1	1
D_80051E60	80051E60	800526B0	2	2
D_80051E78	80051E78	800526C8	3	3
D_80051F18	80051F18	80052768	1	1
D_80051F58	80051F58	800527A8	3	3
D_80051F6C	80051F6C	800527BC	1	1
D_80051F78	80051F78	800527C8	2	2
D_80051F84	80051F84	800527D4	1	1
D_80051F98	80051F98	800527E8	2	2
D_80051FA4	80051FA4	800527F4	1	1
D_80051FC4	80051FC4	80052814	1	1
D_80052058	80052058	800528A8	2	2
D_800520A0	800520A0	800528F0	1	1
D_800520B8	800520B8	80052908	1	1
D_800520D8	800520D8	80052928	4	4
D_800520E8	800520E8	80052938	3	3
D_800528C4	800528C4	80053114	8	8
D_800528C8	800528C8	80053118	7	7
D_800528CC	800528CC	8005311C	3	3
D_800528E0	800528E0	80053130	3	3
D_800528E4	800528E4	80053134	6	6
D_80052940	80052940	80053190	3	3
D_80052A24	80052A24	80053274	3	3
D_80052A28	80052A28	80053278	5	5
D_80052A60	80052A60	800532B0	5	5
D_80052A6C	80052A6C	800532BC	3	3
D_80052A78	80052A78	800532C8	1	1
D_80052A84	80052A84	800532D4	1	1
D_80052AC8	80052AC8	80053318	1	1
D_80052AD0	80052AD0	80053320	1	1
D_80052B58	80052B58	800533A8	2	2
D_80052B60	80052B60	800533B0	2	2
D_80052B90	80052B90	800533E0	1	1
D_80052BB0	80052BB0	80053400	1	1
D_80052BD0	80052BD0	80053420	1	1
D_80052C00	80052C00	80053450	2	2
D_80052C18	80052C18	80053468	4	4
D_80052C28	80052C28	80053478	1	1
D_80052C58	80052C58	800534A8	2	2
D_80052C90	80052C90	800534E0	2	2
D_80052CA0	80052CA0	800534F0	1	1
D_80052CB8	80052CB8	80053508	1	1
D_80052CF8	80052CF8	80053548	2	2
D_80052CFC	80052CFC	8005354C	13	13
D_80052CFE	80052CFE	8005354E	13	13
D_80052D00	80052D00	80053550	3	3
D_80052D04	80052D04	80053554	3	3
D_80052D08	80052D08	80053558	4	4
D_80052D0A	80052D0A	8005355A	3	3
D_80052D0C	80052D0C	8005355C	5	5
D_80052D10	80052D10	80053560	4	4
D_80052D14	80052D14	80053564	5	5
D_80052D18	80052D18	80053568	3	3
D_80052D1C	80052D1C	8005356C	4	4
D_80052D20	80052D20	80053570	4	4
D_80052D28	80052D28	80053578	5	5
D_80052D38	80052D38	80053588	2	2
D_80052D4C	80052D4C	8005359C	1	1
D_80052D58	80052D58	800535A8	3	3
D_80052D5C	80052D5C	800535AC	3	3
D_80052D60	80052D60	800535B0	3	3
D_80052D64	80052D64	800535B4	3	3
D_80052D6C	80052D6C	800535BC	1	1
D_80052D6D	80052D6D	800535BD	1	1
D_80052D6E	80052D6E	800535BE	1	1
D_80052D88	80052D88	800535D8	1	1
D_80052FC8	80052FC8	80053818	7	7
D_80054D10	80054D10	800554E0	1	1
D_80054DA4	80054DA4	80055574	1	1
D_80054DCC	80054DCC	8005559C	1	1
D_80054DEC	80054DEC	800555BC	2	2
D_80054E1C	80054E1C	800555EC	1	1
D_80054E3C	80054E3C	8005560C	2	2
D_80054E9C	80054E9C	8005566C	1	1
D_80054F24	80054F24	800556F4	5	5
D_80054F44	80054F44	80055714	2	2
D_80054FE0	80054FE0	800557B0	1	1
D_80055000	80055000	800557D0	2	2
D_80055020	80055020	800557F0	2	2
D_80055098	80055098	80055868	1	1
D_800551A4	800551A4	80055974	1	1
D_80055200	80055200	800559D0	1	1
D_8005521C	8005521C	800559EC	1	1
D_8005522C	8005522C	800559FC	1	1
D_8005523C	8005523C	80055A0C	1	1
D_80055310	80055310	80055AE0	1	1
D_80055354	80055354	80055B24	1	1
D_80055364	80055364	80055B34	1	1
D_80055374	80055374	80055B44	1	1
D_80055384	80055384	80055B54	1	1
D_80055394	80055394	80055B64	1	1
D_800553B8	800553B8	80055B88	1	1
D_800553C4	800553C4	80055B94	1	1
D_800553D4	800553D4	80055BA4	1	1
D_800553E4	800553E4	80055BB4	1	1
D_800553F4	800553F4	80055BC4	1	1
D_80055404	80055404	80055BD4	1	1
D_80055410	80055410	80055BE0	1	1
D_8005544C	8005544C	80055C1C	1	1
D_80055464	80055464	80055C34	1	1
D_8005547C	8005547C	80055C4C	1	1
D_800554D0	800554D0	80055CA0	1	1
D_800554E0	800554E0	80055CB0	1	1
D_800555A0	800555A0	80055D70	3	3
D_80055640	80055640	80055E10	12	12
D_8005569C	8005569C	80055E6C	1	1
D_800556A8	800556A8	80055E78	1	1
D_8005570C	8005570C	80055EC0	1	1
D_80055778	80055778	80055F28	1	1
D_80055790	80055790	80055F40	1	1
D_800557A4	800557A4	80055F54	2	2
D_800557B0	800557B0	80055F60	1	1
D_800557C0	800557C0	80055F70	1	1
D_800557D0	800557D0	80055F80	1	1
D_800557E8	800557E8	80055F98	1	1
D_80055800	80055800	80055FB0	1	1
D_80055810	80055810	80055FC0	1	1
D_8005581C	8005581C	80055FCC	1	1
D_80055828	80055828	80055FD8	1	1
D_80055838	80055838	80055FE8	1	1
D_80055848	80055848	80055FF8	1	1
D_80055864	80055864	80056014	1	1
D_80055880	80055880	80056030	1	1
D_800558A4	800558A4	80056054	1	1
D_800558B0	800558B0	80056060	1	1
D_800558BC	800558BC	8005606C	1	1
D_80055988	80055988	80056138	1	1
D_80055994	80055994	80056144	1	1
D_800559A0	800559A0	80056150	1	1
D_800559AC	800559AC	8005615C	1	1
D_800559B8	800559B8	80056168	1	1
D_800559C4	800559C4	80056174	1	1
D_80055A00	80055A00	800561B0	1	1
D_80055A54	80055A54	80056204	1	1
D_80055AC8	80055AC8	80056278	1	1
D_80055B3C	80055B3C	800562EC	1	1
D_80055B48	80055B48	800562F8	1	1
D_80055B60	80055B60	80056310	1	1
D_80055B6C	80055B6C	8005631C	1	1
D_80055B78	80055B78	80056328	1	1
D_80055B84	80055B84	80056334	1	1
D_80055B90	80055B90	80056340	2	2
D_80055BA8	80055BA8	80056358	1	1
D_80055BB4	80055BB4	80056364	1	1
D_80055BC4	80055BC4	80056374	1	1
D_80055EC8	80055EC8	80056678	1	1
D_80055ED8	80055ED8	80056688	1	1
D_80055EE4	80055EE4	80056694	1	1
D_80055EF0	80055EF0	800566A0	1	1
D_80055F00	80055F00	800566B0	1	1
D_80055F10	80055F10	800566C0	1	1
D_80055F20	80055F20	800566D0	1	1
D_80055F2C	80055F2C	800566DC	1	1
D_80055F3C	80055F3C	800566EC	1	1
D_80055F4C	80055F4C	800566FC	1	1
D_80055F5C	80055F5C	8005670C	1	1
D_80055F68	80055F68	80056718	1	1
D_80055F94	80055F94	80056740	1	1
D_80055FA0	80055FA0	8005674C	1	1
D_80055FAC	80055FAC	80056758	1	1
D_80056024	80056024	800567D0	1	1
D_80056030	80056030	800567DC	1	1
D_8005603C	8005603C	800567E8	1	1
D_80056054	80056054	80056800	1	1
D_80056064	80056064	80056810	1	1
D_80056078	80056078	80056824	1	1
D_800560E8	800560E8	8005689C	5	5
D_80056370	80056370	80056B24	1	1
D_80056390	80056390	80056B44	1	1
D_800563BC	800563BC	80056B70	1	1
D_800563C8	800563C8	80056B7C	1	1
D_800563D4	800563D4	80056B88	1	1
D_800563E4	800563E4	80056B98	1	1
D_800563F0	800563F0	80056BA4	1	1
D_800563FC	800563FC	80056BB0	1	1
D_8005640C	8005640C	80056BC0	1	1
D_8005654C	8005654C	80056D00	1	1
D_8005655C	8005655C	80056D10	1	1
D_80056568	80056568	80056D1C	1	1
D_80056598	80056598	80056D4C	1	1
D_800565A4	800565A4	80056D58	1	1
D_80056644	80056644	80056DF8	2	2
D_80056650	80056650	80056E04	1	1
D_8005665C	8005665C	80056E10	1	1
D_80056680	80056680	80056E34	1	1
D_80056730	80056730	80056EE4	1	1
D_8005676C	8005676C	80056F20	1	1
D_80056778	80056778	80056F2C	1	1
D_80056814	80056814	80056FC8	1	1
D_800568B4	800568B4	80057068	1	1
D_800568C0	800568C0	80057074	1	1
D_800568EC	800568EC	80057090	1	1
D_800568F8	800568F8	8005709C	1	1
D_80056938	80056938	800570DC	1	1
D_80056948	80056948	800570EC	1	1
D_80056954	80056954	800570F8	1	1
D_8005696C	8005696C	80057110	1	1
D_80056978	80056978	8005711C	1	1
D_80056A14	80056A14	800571B8	1	1
D_80056A20	80056A20	800571C4	1	1
D_80056A2C	80056A2C	800571D0	1	1
D_80056A38	80056A38	800571DC	1	1
D_80056A44	80056A44	800571E8	1	1
D_80056A50	80056A50	800571F4	1	1
D_80056A5C	80056A5C	80057200	1	1
D_80056A68	80056A68	8005720C	1	1
D_80056A78	80056A78	8005721C	1	1
D_80056A88	80056A88	8005722C	1	1
D_80056AB8	80056AB8	8005725C	1	1
D_80056AC4	80056AC4	80057268	1	1
D_80056AD4	80056AD4	80057278	1	1
D_80056AFC	80056AFC	800572A0	1	1
D_80056B08	80056B08	800572AC	1	1
D_80056B14	80056B14	800572B8	1	1
D_80056B20	80056B20	800572C4	1	1
D_80056B2C	80056B2C	800572D0	1	1
D_80056C38	80056C38	800573BC	1	1
D_80056C44	80056C44	800573C8	1	1
D_80056C50	80056C50	800573D4	1	1
D_80056C5C	80056C5C	800573E0	1	1
D_80056D10	80056D10	80057494	1	1
D_80056D30	80056D30	800574B4	1	1
D_80056DA0	80056DA0	80057524	1	1
D_80056DB4	80056DB4	80057538	1	1
D_80056DC8	80056DC8	8005754C	1	1
D_80056DD4	80056DD4	80057558	1	1
D_80056DE8	80056DE8	8005756C	1	1
D_80056DEC	80056DEC	80057570	1	1
D_80056E04	80056E04	80057588	1	1
D_80056E10	80056E10	80057594	1	1
D_80056E1C	80056E1C	800575A0	1	1
D_80056E40	80056E40	800575C4	1	1
D_80056E58	80056E58	800575DC	2	2
D_80056E6C	80056E6C	800575F0	1	1
D_80056EA0	80056EA0	80057624	1	1
D_80056EB8	80056EB8	8005763C	1	1
D_80056F18	80056F18	8005769C	1	1
D_80056F24	80056F24	800576A8	1	1
D_80056F30	80056F30	800576B4	1	1
D_80056F3C	80056F3C	800576C0	1	1
D_80056F80	80056F80	80057704	1	1
D_80056F9C	80056F9C	80057720	1	1
D_80057110	80057110	800578E0	1	1
D_80057130	80057130	80057900	1	1
D_8005714C	8005714C	8005791C	1	1
D_8005715C	8005715C	8005792C	1	1
D_80057180	80057180	80057950	1	1
D_8005719C	8005719C	8005796C	1	1
D_800571B4	800571B4	80057984	1	1
D_800571D0	800571D0	800579A0	1	1
D_800571F0	800571F0	800579C0	1	1
D_800571FC	800571FC	800579CC	1	1
D_8005720C	8005720C	800579DC	1	1
D_80057238	80057238	80057A08	1	1
D_80057240	80057240	80057A10	1	1
D_80057270	80057270	80057A40	1	1
D_80057294	80057294	80057A64	1	1
D_800572B4	800572B4	80057A84	1	1
D_800572C8	800572C8	80057A98	1	1
D_800572EC	800572EC	80057ABC	1	1
D_8005730C	8005730C	80057ADC	1	1
D_80057328	80057328	80057AF8	1	1
D_8005732C	8005732C	80057AFC	1	1
D_8005732E	8005732E	80057AFE	1	1
D_80057330	80057330	80057B00	1	1
D_8005734C	8005734C	80057B1C	1	1
D_80057370	80057370	80057B40	7	7
D_80057418	80057418	80057BE8	2	2
D_80057440	80057440	80057C10	2	2
D_80057464	80057464	80057C34	4	4
D_80057490	80057490	80057C60	4	4
D_800574C0	800574C0	80057C90	7	7
D_800574E0	800574E0	80057CB0	1	1
D_80057608	80057608	80057DD8	1	1
D_80057624	80057624	80057DF4	1	1
D_80057774	80057774	80057F44	4	4
D_80057784	80057784	80057F54	4	4
D_800577FC	800577FC	80057FCC	1	1
D_80057804	80057804	80057FD4	1	1
D_80057810	80057810	80057FE0	1	1
D_80057818	80057818	80057FE8	1	1
D_80057828	80057828	80057FF8	1	1
D_80057868	80057868	80058038	1	1
D_80057874	80057874	80058044	1	1
D_80057880	80057880	80058050	1	1
D_80057898	80057898	80058068	1	1
D_800578B0	800578B0	80058080	1	1
D_800578C8	800578C8	80058098	1	1
D_800578E8	800578E8	800580D8	1	1
D_80057948	80057948	80058138	1	1
D_80106518	80106518	80106EF0	2	2
D_80106530	80106530	80106F08	1	1
D_8010CCDC	8010CCDC	8010D964	1	1
D_8010CCF4	8010CCF4	8010D97C	2	2
D_8010CD0C	8010CD0C	8010D994	2	2
D_8010CD2C	8010CD2C	8010D9B4	2	2
D_8010CD34	8010CD34	8010D9BC	1	1
D_8010DC54	8010DC54	8010E8DC	1	1
D_8010DC64	8010DC64	8010E8EC	1	1
D_8010DC78	8010DC78	8010E900	2	2
D_8010DC7C	8010DC7C	8010E904	2	2
D_8010DC84	8010DC84	8010E90C	2	2
D_8010DC88	8010DC88	8010E910	1	1
D_8010DC90	8010DC90	8010E918	1	1
D_8010DCA0	8010DCA0	8010E928	1	1
D_8010DCB4	8010DCB4	8010E93C	1	1
D_8010DCD4	8010DCD4	8010E95C	1	1
D_8010DCE4	8010DCE4	8010E96C	1	1
D_8010DCE8	8010DCE8	8010E970	1	1
D_8010DCEC	8010DCEC	8010E974	1	1
D_8010DCF4	8010DCF4	8010E97C	1	1
D_8010DCF8	8010DCF8	8010E980	1	1
D_8010DCFC	8010DCFC	8010E984	1	1
D_8010DD04	8010DD04	8010E98C	1	1
D_8010DD08	8010DD08	8010E990	1	1
D_8010DD0C	8010DD0C	8010E994	1	1
D_8010E274	8010E274	8010F564	1	1
D_8010E710	8010E710	8010FA00	2	2
D_8010E758	8010E758	8010FA48	1	1
D_8010E8CC	8010E8CC	8010FBBC	6	6
D_8010EEB4	8010EEB4	801101A4	1	1
D_8010F07C	8010F07C	8011036C	1	1
D_8010F2B4	8010F2B4	801105A4	1	1
D_8010F2DC	8010F2DC	801105CC	1	1
D_8010F2F4	8010F2F4	801105E4	1	1
D_8010F338	8010F338	80110628	5	5
D_8010F4CC	8010F4CC	801107BC	1	1
D_8010F500	8010F500	801107F0	1	1
D_8010F50C	8010F50C	801107FC	1	1
D_8010F51C	8010F51C	8011080C	3	3
D_8010F680	8010F680	80110970	1	1
D_8010F880	8010F880	80110B70	1	1
D_8010F900	8010F900	80110BF0	1	1
D_8010F940	8010F940	80110C30	3	3
D_8010F980	8010F980	80110C70	1	1
D_8010F9A0	8010F9A0	80110C90	1	1
D_8010F9C0	8010F9C0	80110CB0	1	1
D_8010FA4C	8010FA4C	80110D3C	4	4
D_8010FBC8	8010FBC8	80110EB8	1	1
D_80110184	80110184	80111474	1	1
D_80110C28	80110C28	80111F18	2	2
D_80110C2C	80110C2C	80111F1C	2	2
D_80110E00	80110E00	801120F0	3	3
D_80111008	80111008	801122F8	2	2
D_8011115C	8011115C	8011244C	4	4
D_801114A4	801114A4	80112794	1	1
D_80111530	80111530	80112820	1	1
D_80111558	80111558	80112848	1	1
D_801115D0	801115D0	801128C0	3	3
D_801115E4	801115E4	801128D4	2	2
D_801116AC	801116AC	8011299C	1	1
D_801116C0	801116C0	801129B0	1	1
D_801116D4	801116D4	801129C4	1	1
D_801119B8	801119B8	80112CA8	1	1
D_801119E0	801119E0	80112CD0	2	2
D_80111A1C	80111A1C	80112D0C	2	2
D_80111EB4	80111EB4	801131A4	1	1
D_80111EBC	80111EBC	801131AC	1	1
D_80111EC4	80111EC4	801131B4	3	3
D_80112748	80112748	80113A2C	1	1
D_8011274C	8011274C	80113A30	1	1
D_80112770	80112770	80113A54	1	1
D_8011278C	8011278C	80113A70	2	2
D_80112B84	80112B84	80113E68	1	1
D_801131F0	801131F0	801144D4	9	9
D_801131F4	801131F4	801144D8	5	5
D_80113200	80113200	801144E4	2	2
D_80113208	80113208	801144EC	2	2
D_80113210	80113210	801144F4	4	4
D_80113214	80113214	801144F8	1	1
D_80113218	80113218	801144FC	6	6
D_8011321C	8011321C	80114500	19	19
D_80113220	80113220	80114504	2	2
D_80113228	80113228	8011450C	32	32
D_80113234	80113234	80114518	9	9
D_8011323C	8011323C	80114520	1	1
D_80113240	80113240	80114524	6	6
D_80113244	80113244	80114528	1	1
D_801132A4	801132A4	80114588	1	1
D_801132A8	801132A8	8011458C	1	1
D_801132BC	801132BC	801145A0	1	1
D_801132CC	801132CC	801145B0	6	6
D_801132D4	801132D4	801145B8	3	3
D_801132D8	801132D8	801145BC	1	1
D_801132E0	801132E0	801145C4	5	5
D_801135B0	801135B0	80114894	5	5
D_801135B4	801135B4	80114898	2	2
D_80113CC8	80113CC8	80114FAC	1	1
D_80114603	80114603	801158E7	6	6
D_80114604	80114604	801158E8	19	19
D_80114606	80114606	801158EA	4	4
D_80114623	80114623	80115907	2	2
D_80114720	80114720	80115A04	1	1
D_80114721	80114721	80115A05	1	1
D_80114722	80114722	80115A06	12	12
D_80114723	80114723	80115A07	7	7
D_80114729	80114729	80115A0D	3	3
D_8011472A	8011472A	80115A0E	3	3
D_8011491D	8011491D	80115C01	3	3
D_8011491E	8011491E	80115C02	2	2
D_80114940	80114940	80115C24	8	8
D_80114941	80114941	80115C25	2	2
D_80114942	80114942	80115C26	4	4
D_80114943	80114943	80115C27	1	1
D_80114944	80114944	80115C28	1	1
D_80114945	80114945	80115C29	1	1
D_80114946	80114946	80115C2A	6	6
D_80114964	80114964	80115C48	4	4
D_8011496C	8011496C	80115C50	2	2
D_80114974	80114974	80115C58	1	1
D_80114984	80114984	80115C68	3	3
D_80114998	80114998	80115C7C	1	1
D_80114A44	80114A44	80115D28	2	2
D_80114AE4	80114AE4	80115DC8	1	1
D_80114AE8	80114AE8	80115DCC	1	1
D_80114AF0	80114AF0	80115DD4	4	4
D_80114D6C	80114D6C	80116050	1	1
D_80116470	80116470	80117754	4	4
D_80116474	80116474	80117758	1	1
D_80116478	80116478	8011775C	3	3
D_8011647C	8011647C	80117760	2	2
D_80116480	80116480	80117764	5	5
D_80116488	80116488	8011776C	2	2
D_80116490	80116490	80117774	1	1
D_80116494	80116494	80117778	1	1
D_80116498	80116498	8011777C	1	1
D_8011649C	8011649C	80117780	1	1
D_801164B0	801164B0	80117794	1	1
D_801164C0	801164C0	801177A4	1	1
D_801164C8	801164C8	801177AC	3	3
D_801164CC	801164CC	801177B0	9	9
D_801164D0	801164D0	801177B4	3	3
D_801164D4	801164D4	801177B8	1	1
D_801164D8	801164D8	801177BC	6	6
D_801164DC	801164DC	801177C0	2	2
D_801164E8	801164E8	801177CC	5	5
D_801164F0	801164F0	801177D4	1	1
D_801164F4	801164F4	801177D8	1	1
D_801164F8	801164F8	801177DC	2	2
D_801164FC	801164FC	801177E0	5	5
D_80116500	80116500	801177E4	1	1
D_8011650C	8011650C	801177F0	5	5
D_80116F80	80116F80	80118264	2	2
D_80116F84	80116F84	80118268	1	1
D_80117034	80117034	80118318	2	2
D_80117044	80117044	80118328	6	6
D_80117048	80117048	8011832C	5	5
D_80117B94	80117B94	80118E78	1	1
D_80117B98	80117B98	80118E7C	5	5
D_8011DFF4	8011DFF4	8011F2D8	1	1
D_8011E010	8011E010	8011F2F4	1	1
D_8011E02C	8011E02C	8011F310	1	1
D_8011E0B4	8011E0B4	8011F398	3	3
D_8011E0C8	8011E0C8	8011F3AC	5	5
D_8011E0CC	8011E0CC	8011F3B0	4	4
D_8011E0D4	8011E0D4	8011F3B8	9	9
D_8011E15C	8011E15C	8011F478	1	1
D_8011E160	8011E160	8011F47C	1	1
D_8011E164	8011E164	8011F480	2	2
D_8011E804	8011E804	8011FB20	2	2
D_8011EC5C	8011EC5C	8011FF78	1	1
D_8011F43C	8011F43C	80120758	1	1
D_8011F4B4	8011F4B4	801207D0	1	1
D_8011FE50	8011FE50	8012116C	2	2
D_8011FE58	8011FE58	80121174	2	2
D_8011FE60	8011FE60	8012117C	2	2
D_8011FE70	8011FE70	8012118C	3	3
D_8011FE78	8011FE78	80121194	3	3
D_8011FE80	8011FE80	8012119C	3	3
D_8011FE88	8011FE88	801211A4	3	3
D_8011FE90	8011FE90	801211AC	3	3
D_8011FE98	8011FE98	801211B4	3	3
D_8011FEA0	8011FEA0	801211BC	3	3
D_8011FEF0	8011FEF0	8012120C	1	1
D_8011FEF8	8011FEF8	80121214	1	1
D_8011FF00	8011FF00	8012121C	1	1
D_8011FF08	8011FF08	80121224	1	1
D_8011FF10	8011FF10	8012122C	1	1
D_8011FF20	8011FF20	8012123C	1	1
D_8011FF28	8011FF28	80121244	1	1
D_8011FF30	8011FF30	8012124C	1	1
D_8011FF38	8011FF38	80121254	1	1
D_8011FF40	8011FF40	8012125C	1	1
D_8011FF50	8011FF50	8012126C	1	1
D_8011FF58	8011FF58	80121274	1	1
D_8011FF60	8011FF60	8012127C	1	1
D_80120664	80120664	80121980	1	1
D_801209BC	801209BC	80121CD8	1	1
D_80120A34	80120A34	80121D50	1	1
D_80120D00	80120D00	8012201C	1	1
D_80120DAC	80120DAC	801220C8	1	1
D_80120FD4	80120FD4	801222F0	2	2
D_80120FDC	80120FDC	801222F8	1	1
D_80123294	80123294	801245B0	2	2
D_8012329C	8012329C	801245B8	2	2
D_801232A4	801232A4	801245C0	1	1
D_801232D8	801232D8	801245F4	2	2
D_80123334	80123334	80124650	2	2
D_80123368	80123368	80124684	1	1
D_80123390	80123390	801246AC	1	1
D_80123410	80123410	8012472C	2	2
D_80123412	80123412	8012472E	3	3
D_801234B4	801234B4	801247D0	1	1
D_801234B8	801234B8	801247D4	3	3
D_801234BC	801234BC	801247D8	1	1
D_801234E4	801234E4	80124800	1	1
D_801234E8	801234E8	80124804	1	1
D_8012356C	8012356C	80124888	1	1
D_80123654	80123654	80124970	1	1
D_80123694	80123694	801249B0	16	16
D_8012369E	8012369E	801249BA	9	9
D_8012369F	8012369F	801249BB	1	1
D_801236A0	801236A0	801249BC	14	14
D_801236A2	801236A2	801249BE	14	14
D_801236A4	801236A4	801249C0	1	1
D_801236A8	801236A8	801249C4	1	1
D_80123708	80123708	80124A24	1	1
D_80123710	80123710	80124A2C	1	1
D_8012371C	8012371C	80124A38	1	1
D_80123728	80123728	80124A44	1	1
D_8012373C	8012373C	80124A58	1	1
D_80123748	80123748	80124A64	1	1
D_8012375C	8012375C	80124A78	1	1
D_80123770	80123770	80124A8C	1	1
D_80123772	80123772	80124A8E	1	1
D_80123798	80123798	80124AB4	3	3
D_801237A0	801237A0	80124ABC	14	14
D_801237A4	801237A4	80124AC0	31	31
D_801237A8	801237A8	80124AC4	4	4
D_801237AC	801237AC	80124AC8	3	3
D_801237B0	801237B0	80124ACC	16	16
D_801237B4	801237B4	80124AD0	1	1
D_801237B8	801237B8	80124AD4	1	1
D_801237BC	801237BC	80124AD8	4	4
D_801237C0	801237C0	80124ADC	4	4
D_801237CC	801237CC	80124AE8	3	3
D_801237D0	801237D0	80124AEC	2	2
D_801237D4	801237D4	80124AF0	4	4
D_801237D8	801237D8	80124AF4	3	3
D_801237DC	801237DC	80124AF8	3	3
D_80123810	80123810	80124B30	1	1
D_80134838	80134838	80135B58	2	2
D_8013485C	8013485C	80135B7C	1	1
D_801349E8	801349E8	80135D08	2	2
D_80134A68	80134A68	80124B08	2	2
D_80134A6C	80134A6C	80135D88	2	2
D_80134A88	80134A88	80135DA4	3	3
D_80134A8C	80134A8C	80135DA8	2	2
D_80134A94	80134A94	80135DB0	3	3
D_80134AF8	80134AF8	80135E14	4	4
D_80134AFA	80134AFA	80135E16	2	2
D_80134AFC	80134AFC	80135E18	1	1
D_80134B28	80134B28	80135E44	1	1
D_80134B34	80134B34	80135E50	1	1
D_80135B80	80135B80	80136E9C	7	7
D_80135B84	80135B84	80136EA0	8	8
D_80135B88	80135B88	80136EA4	9	9
D_80135B8C	80135B8C	80136EA8	4	4
D_80135B90	80135B90	80136EAC	3	3
D_80135C28	80135C28	80136F44	4	4
D_80135C34	80135C34	80136F50	2	2
D_80135C58	80135C58	80136F74	1	1
D_80135E7C	80135E7C	80137198	1	1
D_80135FD8	80135FD8	801372F4	1	1
D_80135FDC	80135FDC	801372F8	1	1
D_801369E8	801369E8	80137D04	2	2
D_801369EC	801369EC	80137D08	2	2
D_80136A10	80136A10	80137D2C	2	2
D_80136A18	80136A18	80137D34	3	3
D_80136A98	80136A98	80137DB4	3	3
D_80136AA0	80136AA0	80137DBC	2	2
D_80136AA4	80136AA4	80137DC0	2	2
D_80136AA8	80136AA8	80137DC4	4	4
D_80136AAC	80136AAC	80137DC8	4	4
D_80136AB0	80136AB0	80137DCC	1	1
D_80136AB4	80136AB4	80137DD0	3	3
D_80136AB8	80136AB8	80137DD4	1	1
D_80136AC8	80136AC8	80137DE4	1	1
D_80136AF8	80136AF8	80137E14	1	1
D_80136B7C	80136B7C	80137E98	1	1
D_80136C08	80136C08	80137F24	1	1
D_80136C0C	80136C0C	80137F28	1	1
D_80136C10	80136C10	80137F2C	3	3
D_80136C14	80136C14	80137F30	1	1
D_80136C18	80136C18	80137F34	1	1
D_80136C1C	80136C1C	80137F38	7	7
D_80136C38	80136C38	80137F54	1	1
D_80136C3C	80136C3C	80137F58	7	7
D_80136C40	80136C40	80137F5C	2	2
D_80136C48	80136C48	80137F64	1	1
D_80136C54	80136C54	80137F70	1	1
D_80136C68	80136C68	80137F84	3	3
D_80136C6C	80136C6C	80137F88	2	2
D_80136CB8	80136CB8	80137FD4	3	3
D_80136CBC	80136CBC	80137FD8	3	3
D_80136CC0	80136CC0	80137FDC	1	1
D_80136CC4	80136CC4	80137FE0	1	1
D_80136CD8	80136CD8	80137FF4	1	1
D_80136DEC	80136DEC	80138108	4	4
D_801371CC	801371CC	801384E8	5	5
D_8013745F	8013745F	8013877B	1	1
D_80137CD8	80137CD8	80138FF4	9	9
D_80137CDC	80137CDC	80138FF8	23	23
D_80137CE0	80137CE0	80138FFC	1	1
D_80137CF0	80137CF0	8013900C	3	3
D_80137D14	80137D14	80139030	1	1
D_8013BD20	8013BD20	8013D03C	5	5
D_8013BD24	8013BD24	8013D040	2	2
D_8013BD44	8013BD44	8013D060	1	1
D_8013BD50	8013BD50	8013D06C	1	1
D_8013C08C	8013C08C	8013D3A8	2	2
D_8013C18C	8013C18C	8013D4A8	1	1
D_8013C1F0	8013C1F0	8013D50C	1	1
D_8013C20C	8013C20C	8013D528	21	21
D_8013C210	8013C210	8013D52C	2	2
D_8013C214	8013C214	8013D530	5	5
D_8013C218	8013C218	8013D534	12	12
D_8013C21C	8013C21C	8013D538	5	5
D_8013C220	8013C220	8013D53C	2	2
D_8013C224	8013C224	8013D540	8	8
D_8013C225	8013C225	8013D541	1	1
D_8013C228	8013C228	8013D544	1	1
D_8013C240	8013C240	8013D55C	2	2
D_8013C244	8013C244	8013D560	2	2
D_8013C248	8013C248	8013D564	2	2
D_8013C24C	8013C24C	8013D568	2	2
D_8013C250	8013C250	8013D56C	5	5
D_8013C290	8013C290	8013D5AC	9	9
D_8013C298	8013C298	8013D5B4	2	2
D_8013C29C	8013C29C	8013D5B8	1	1
D_8013C2AC	8013C2AC	8013D5C8	1	1
D_8013C2B0	8013C2B0	8013D5CC	1	1
D_8013C2B4	8013C2B4	8013D5D0	1	1
D_8013C2B8	8013C2B8	8013D5D4	2	2
D_8013C2E0	8013C2E0	8013D5FC	6	6
D_8013C308	8013C308	8013D624	2	2
D_8013C310	8013C310	8013D62C	3	3
D_8013C338	8013C338	8013D654	1	1
D_8013C564	8013C564	8013D880	3	3
D_8013C588	8013C588	8013D8A4	1	1
D_8013C590	8013C590	8013D8AC	1	1
D_8013C5B0	8013C5B0	8013D8CC	5	5
D_8013C5B4	8013C5B4	8013D8D0	4	4
D_8013C5D0	8013C5D0	8013D8EC	1	1
D_8013C5D8	8013C5D8	8013D8F4	1	1
D_8013C5E0	8013C5E0	8013D8FC	1	1
D_8013C5FC	8013C5FC	8013D918	1	1
D_8013C604	8013C604	8013D920	1	1
D_8013C684	8013C684	8013D9A4	1	1
D_8013C6A0	8013C6A0	8013D9C0	1	1
D_8013C6AC	8013C6AC	8013D9CC	2	2
D_8013C724	8013C724	8013DA44	1	1
D_8013C72C	8013C72C	8013DA4C	1	1
D_8013C73C	8013C73C	8013DA5C	1	1
D_8013C744	8013C744	8013DA64	1	1
D_8013C74C	8013C74C	8013DA6C	1	1
D_8013C75C	8013C75C	8013DA7C	2	2
D_8013C760	8013C760	8013DA80	2	2
D_8013C764	8013C764	8013DA84	1	1
D_8013C7E0	8013C7E0	8013DB00	1	1
D_8013C7EC	8013C7EC	8013DB0C	1	1
D_8013C820	8013C820	8013DB40	4	4
D_8013C8CC	8013C8CC	8013DBEC	2	2
D_8013C94C	8013C94C	8013DC6C	2	2
D_8013C95C	8013C95C	8013DC7C	1	1
D_8013C964	8013C964	8013DC84	1	1
D_8013C96C	8013C96C	8013DC8C	1	1
D_8013C974	8013C974	8013DC94	1	1
D_8013C97C	8013C97C	8013DC9C	1	1
D_8013C984	8013C984	8013DCA4	1	1
D_8013C98C	8013C98C	8013DCAC	1	1
D_8013C994	8013C994	8013DCB4	1	1
D_8013C99C	8013C99C	8013DCBC	1	1
D_8013C9A4	8013C9A4	8013DCC4	1	1
D_8013C9AC	8013C9AC	8013DCCC	1	1
D_8013C9B4	8013C9B4	8013DCD4	1	1
D_8013C9BC	8013C9BC	8013DCDC	1	1
D_8013C9C4	8013C9C4	8013DCE4	1	1
D_8013C9CC	8013C9CC	8013DCEC	1	1
D_8013C9D4	8013C9D4	8013DCF4	1	1
D_8013C9DC	8013C9DC	8013DCFC	1	1
D_8013C9E4	8013C9E4	8013DD04	1	1
D_8013C9EC	8013C9EC	8013DD0C	1	1
D_8013C9F4	8013C9F4	8013DD14	1	1
D_8013C9FC	8013C9FC	8013DD1C	1	1
D_8013CA04	8013CA04	8013DD24	1	1
D_8013CA0C	8013CA0C	8013DD2C	1	1
D_8013CA14	8013CA14	8013DD34	1	1
D_8013CA1C	8013CA1C	8013DD3C	1	1
D_8013CA24	8013CA24	8013DD44	1	1
D_8013CA2C	8013CA2C	8013DD4C	1	1
D_8013CA34	8013CA34	8013DD54	1	1
D_8013CA3C	8013CA3C	8013DD5C	1	1
D_8013CA44	8013CA44	8013DD64	1	1
D_8013CA4C	8013CA4C	8013DD6C	1	1
D_8013CA54	8013CA54	8013DD74	1	1
D_8013CA5C	8013CA5C	8013DD7C	1	1
D_8013CA64	8013CA64	8013DD84	1	1
D_8013CA6C	8013CA6C	8013DD8C	1	1
D_8013CA74	8013CA74	8013DD94	1	1
D_8013CA7C	8013CA7C	8013DD9C	1	1
D_8013CA84	8013CA84	8013DDA4	1	1
D_8013CA8C	8013CA8C	8013DDAC	1	1
D_8013CA94	8013CA94	8013DDB4	1	1
D_8013CA9C	8013CA9C	8013DDBC	1	1
D_8013CAA4	8013CAA4	8013DDC4	1	1
D_8013CAAC	8013CAAC	8013DDCC	1	1
D_8013CAB4	8013CAB4	8013DDD4	1	1
D_8013CABC	8013CABC	8013DDDC	1	1
D_8013CAC4	8013CAC4	8013DDE4	1	1
D_8013CACC	8013CACC	8013DDEC	1	1
D_8013CAD4	8013CAD4	8013DDF4	1	1
D_8013CADC	8013CADC	8013DDFC	1	1
D_8013CAE4	8013CAE4	8013DE04	1	1
D_8013CAEC	8013CAEC	8013DE0C	1	1
D_8013CAF4	8013CAF4	8013DE14	1	1
D_8013CAFC	8013CAFC	8013DE1C	1	1
D_8013CB04	8013CB04	8013DE24	1	1
D_8013CB0C	8013CB0C	8013DE2C	1	1
D_8013CB14	8013CB14	8013DE34	1	1
D_8013CB1C	8013CB1C	8013DE3C	1	1
D_8013CB24	8013CB24	8013DE44	1	1
D_8013CB2C	8013CB2C	8013DE4C	1	1
D_8013CB34	8013CB34	8013DE54	1	1
D_8013CB3C	8013CB3C	8013DE5C	1	1
D_8013CB44	8013CB44	8013DE64	1	1
D_8013CB4C	8013CB4C	8013DE6C	1	1
D_8013CB54	8013CB54	8013DE74	1	1
D_8013CB5C	8013CB5C	8013DE7C	1	1
D_8013CB64	8013CB64	8013DE84	1	1
D_8013CB6C	8013CB6C	8013DE8C	1	1
D_8013CB74	8013CB74	8013DE94	1	1
D_8013CB7C	8013CB7C	8013DE9C	1	1
D_8013CB84	8013CB84	8013DEA4	1	1
D_8013CB8C	8013CB8C	8013DEAC	1	1
D_8013CB94	8013CB94	8013DEB4	1	1
D_8013CB9C	8013CB9C	8013DEBC	1	1
D_8013CBA4	8013CBA4	8013DEC4	2	2
D_8013CBAC	8013CBAC	8013DECC	2	2
D_8013CBB4	8013CBB4	8013DED4	1	1
D_8013CBBC	8013CBBC	8013DEDC	1	1
D_8013CBC4	8013CBC4	8013DEE4	1	1
D_8013CBCC	8013CBCC	8013DEEC	1	1
D_8013CBD4	8013CBD4	8013DEF4	1	1
D_8013CBDC	8013CBDC	8013DEFC	1	1
D_8013CBE4	8013CBE4	8013DF04	1	1
D_8013CBEC	8013CBEC	8013DF0C	1	1
D_8013CBF4	8013CBF4	8013DF14	1	1
D_8013CBFC	8013CBFC	8013DF1C	1	1
D_8013CC04	8013CC04	8013DF24	1	1
D_8013CC0C	8013CC0C	8013DF2C	1	1
D_8013CC14	8013CC14	8013DF34	1	1
D_8013CC1C	8013CC1C	8013DF3C	1	1
D_8013CC24	8013CC24	8013DF44	1	1
D_8013CC2C	8013CC2C	8013DF4C	1	1
D_8013CC34	8013CC34	8013DF54	1	1
D_8013CC3C	8013CC3C	8013DF5C	1	1
D_8013CC44	8013CC44	8013DF64	1	1
D_8013CC4C	8013CC4C	8013DF6C	1	1
D_8013CC54	8013CC54	8013DF74	1	1
D_8013CC5C	8013CC5C	8013DF7C	1	1
D_8013CC64	8013CC64	8013DF84	1	1
D_8013CC6C	8013CC6C	8013DF8C	1	1
D_8013CC74	8013CC74	8013DF94	1	1
D_8013CC7C	8013CC7C	8013DF9C	1	1
D_8013CC84	8013CC84	8013DFA4	1	1
D_8013CC8C	8013CC8C	8013DFAC	1	1
D_8013CC94	8013CC94	8013DFB4	1	1
D_8013CC9C	8013CC9C	8013DFBC	1	1
D_8013CCA4	8013CCA4	8013DFC4	1	1
D_8013CCAC	8013CCAC	8013DFCC	1	1
D_8013CCB4	8013CCB4	8013DFD4	1	1
D_8013CCBC	8013CCBC	8013DFDC	1	1
D_8013CCC4	8013CCC4	8013DFE4	1	1
D_8013CCCC	8013CCCC	8013DFEC	1	1
D_8013CCD4	8013CCD4	8013DFF4	1	1
D_8013CCDC	8013CCDC	8013DFFC	1	1
D_8013CCE4	8013CCE4	8013E004	1	1
D_8013CCEC	8013CCEC	8013E00C	1	1
D_8013CCF4	8013CCF4	8013E014	1	1
D_8013CCFC	8013CCFC	8013E01C	1	1
D_8013CD04	8013CD04	8013E024	1	1
D_8013CD0C	8013CD0C	8013E02C	1	1
D_8013CD14	8013CD14	8013E034	1	1
D_8013CD1C	8013CD1C	8013E03C	1	1
D_8013CD24	8013CD24	8013E044	1	1
D_8013CD2C	8013CD2C	8013E04C	1	1
D_8013CD37	8013CD37	8013E057	2	2
D_8013CD3F	8013CD3F	8013E05F	2	2
D_8013CD44	8013CD44	8013E064	1	1
D_8013CD4C	8013CD4C	8013E06C	1	1
D_8013CD54	8013CD54	8013E074	1	1
D_8013CD5C	8013CD5C	8013E07C	1	1
D_8013CD64	8013CD64	8013E084	1	1
D_8013CD6C	8013CD6C	8013E08C	1	1
D_8013CD74	8013CD74	8013E094	1	1
D_8013CD7C	8013CD7C	8013E09C	1	1
D_8013D04C	8013D04C	8013E36C	1	1
D_8013D054	8013D054	8013E374	1	1
D_8013D05C	8013D05C	8013E37C	1	1
D_8013D064	8013D064	8013E384	1	1
D_8013D06C	8013D06C	8013E38C	1	1
D_8013D070	8013D070	8013E390	1	1
D_8013D074	8013D074	8013E394	1	1
D_8013D078	8013D078	8013E398	2	2
D_8013D084	8013D084	8013E3A4	1	1
D_8013D08C	8013D08C	8013E3AC	1	1
D_8013D094	8013D094	8013E3B4	1	1
D_8013D09C	8013D09C	8013E3BC	1	1
D_8013D0A0	8013D0A0	8013E3C0	1	1
D_8013D0A4	8013D0A4	8013E3C4	1	1
D_8013D10C	8013D10C	8013E410	1	1
D_8013D114	8013D114	8013E418	1	1
D_8013D11C	8013D11C	8013E420	1	1
D_8013D124	8013D124	8013E428	1	1
D_8013D12C	8013D12C	8013E430	1	1
D_8013D134	8013D134	8013E438	1	1
D_8013D13C	8013D13C	8013E440	1	1
D_8013D144	8013D144	8013E448	1	1
D_8013D14C	8013D14C	8013E450	1	1
D_8013D154	8013D154	8013E458	1	1
D_8013D15C	8013D15C	8013E460	1	1
D_8013D164	8013D164	8013E468	1	1
D_8013D16C	8013D16C	8013E470	1	1
D_8013D174	8013D174	8013E478	1	1
D_8013D17C	8013D17C	8013E480	1	1
D_8013D184	8013D184	8013E488	1	1
D_8013D18C	8013D18C	8013E490	1	1
D_8013D194	8013D194	8013E498	1	1
D_8013D19C	8013D19C	8013E4A0	1	1
D_8013D1A4	8013D1A4	8013E4A8	1	1
D_8013D1AC	8013D1AC	8013E4B0	1	1
D_8013D1B4	8013D1B4	8013E4B8	1	1
D_8013D1BC	8013D1BC	8013E4C0	1	1
D_8013D1C4	8013D1C4	8013E4C8	1	1
D_8013D1CC	8013D1CC	8013E4D0	1	1
D_8013D1D4	8013D1D4	8013E4D8	1	1
D_8013D1F0	8013D1F0	8013E4F4	2	2
D_8013D1F8	8013D1F8	8013E4FC	1	1
D_8013D208	8013D208	8013E50C	1	1
D_8013D228	8013D228	8013E52C	1	1
D_8013D22D	8013D22D	8013E531	5	5
D_8013D22E	8013D22E	8013E532	4	4
D_8013D22F	8013D22F	8013E533	8	8
D_8013D29C	8013D29C	8013E5A4	1	1
D_8013D2FC	8013D2FC	8013E60C	5	5
D_8013D328	8013D328	8013E638	1	1
D_8013D330	8013D330	8013E640	1	1
D_8013D338	8013D338	8013E648	1	1
D_8013D340	8013D340	8013E650	3	3
D_8013D348	8013D348	8013E658	1	1
D_8013D350	8013D350	8013E660	3	3
D_8013D358	8013D358	8013E668	6	6
D_8013D35C	8013D35C	8013E66C	2	2
D_8013D360	8013D360	8013E670	2	2
D_8013D368	8013D368	8013E678	2	2
D_8013D370	8013D370	8013E680	2	2
D_8013D374	8013D374	8013E684	2	2
D_8013D378	8013D378	8013E688	2	2
D_8013D37C	8013D37C	8013E68C	2	2
D_8013D380	8013D380	8013E690	1	1
D_8013D39D	8013D39D	8013E6AD	1	1
D_8013D39E	8013D39E	8013E6AE	1	1
D_8013D3A1	8013D3A1	8013E6B1	1	1
D_8013D3A2	8013D3A2	8013E6B2	1	1
D_8013D3D6	8013D3D6	8013E6E6	2	2
D_8013D3D8	8013D3D8	8013E6E8	1	1
D_8013D3DA	8013D3DA	8013E6EA	1	1
D_8013D404	8013D404	8013E714	1	1
D_8013D410	8013D410	8013E720	1	1
D_8013D418	8013D418	8013E728	1	1
D_8013D420	8013D420	8013E730	1	1
D_8013D440	8013D440	8013E750	1	1
D_8013D45C	8013D45C	8013E76C	2	2
D_8013D464	8013D464	8013E774	1	1
D_8013D468	8013D468	8013E778	1	1
D_8013D470	8013D470	8013E780	1	1
D_8013D478	8013D478	8013E788	1	1
D_8013D480	8013D480	8013E790	1	1
D_8013D488	8013D488	8013E798	1	1
D_8013D490	8013D490	8013E7A0	1	1
D_8013D4A4	8013D4A4	8013E7B4	1	1
D_8013D514	8013D514	8013E828	1	1
D_8013D720	8013D720	8013EA34	1	1
D_8013D728	8013D728	8013EA3C	1	1
D_8013D730	8013D730	8013EA44	1	1
D_8013D738	8013D738	8013EA4C	1	1
D_8013D74C	8013D74C	8013EA60	1	1
D_8013D754	8013D754	8013EA68	1	1
D_8013D788	8013D788	8013EA9C	3	3
D_8013D790	8013D790	8013EAA4	1	1
D_8013D798	8013D798	8013EAAC	2	2
D_8013D79C	8013D79C	8013EAB0	2	2
D_8013D7D0	8013D7D0	8013EAE4	1	1
D_8013D7D8	8013D7D8	8013EAEC	1	1
D_8013D7E0	8013D7E0	8013EAF4	1	1
D_8013D7E4	8013D7E4	8013EAF8	1	1
D_8013D7E8	8013D7E8	8013EAFC	1	1
D_8013D820	8013D820	8013EB34	2	2
D_8013D878	8013D878	8013EB8C	7	7
D_8013D87C	8013D87C	8013EB90	5	5
D_8013D880	8013D880	8013EB94	1	1
D_8013D896	8013D896	8013EBAA	1	1
D_8013D898	8013D898	8013EBAC	1	1
D_8013D8AC	8013D8AC	8013EBC0	4	4
D_8013D8CC	8013D8CC	8013EBD8	1	1
D_8013D8D4	8013D8D4	8013EBE0	1	1
D_8013D8DC	8013D8DC	8013EBE8	1	1
D_8013D8E4	8013D8E4	8013EBF0	1	1
D_8013D8EC	8013D8EC	8013EBF8	1	1
D_8013D8F0	8013D8F0	8013EBFC	2	2
D_8013D8F8	8013D8F8	8013EC04	1	1
D_8013D900	8013D900	8013EC0C	5	5
D_8013D904	8013D904	8013EC10	3	3
D_8013D908	8013D908	8013EC14	1	1
D_8013D910	8013D910	8013EC1C	3	3
D_8013D914	8013D914	8013EC20	1	1
D_8013D91C	8013D91C	8013EC28	1	1
D_8013D91D	8013D91D	8013EC29	2	2
D_8013D920	8013D920	8013EC2C	2	2
D_8013D924	8013D924	8013EC30	2	2
D_8013D98C	8013D98C	8013EC98	4	4
D_8013D990	8013D990	8013EC9C	4	4
D_8013D996	8013D996	8013ECA2	1	1
D_8013D99C	8013D99C	8013ECA8	11	11
D_8013D9D4	8013D9D4	8013ECE0	1	1
D_8013D9E2	8013D9E2	8013ECEE	1	1
D_8013D9F4	8013D9F4	8013ED00	2	2
D_8013D9FE	8013D9FE	8013ED0A	3	3
D_8013DA00	8013DA00	8013ED0C	1	1
D_8013DA08	8013DA08	8013ED14	1	1
D_8013DA10	8013DA10	8013ED1C	1	1
D_8013DA18	8013DA18	8013ED24	1	1
D_8013DA20	8013DA20	8013ED2C	1	1
D_8013DA50	8013DA50	8013ED5C	1	1
D_8013DA8C	8013DA8C	8013ED98	1	1
D_8013DAAC	8013DAAC	8013EDB8	3	3
D_8013DAC0	8013DAC0	8013EDCC	5	5
D_8013DAD8	8013DAD8	8013EDE4	1	1
D_8013DAE0	8013DAE0	8013EDEC	1	1
D_8013DAE8	8013DAE8	8013EDF4	1	1
D_8013DAF0	8013DAF0	8013EDFC	1	1
D_8013DAF8	8013DAF8	8013EE04	1	1
D_8013DB00	8013DB00	8013EE0C	1	1
D_8013DB4C	8013DB4C	8013EE58	1	1
D_8013DB54	8013DB54	8013EE60	1	1
D_8013DB5C	8013DB5C	8013EE68	1	1
D_8013DB64	8013DB64	8013EE70	1	1
D_8013DB6C	8013DB6C	8013EE78	1	1
D_8013DB84	8013DB84	8013EE90	1	1
D_8013DBB4	8013DBB4	8013EEC0	1	1
D_8013DBBC	8013DBBC	8013EEC8	1	1
D_8013DBCC	8013DBCC	8013EED8	1	1
D_8013DBD4	8013DBD4	8013EEE0	1	1
D_8013DBDC	8013DBDC	8013EEE8	1	1
D_8013DBE4	8013DBE4	8013EEF0	1	1
D_8013DC20	8013DC20	8013EF2C	1	1
D_8013DC28	8013DC28	8013EF34	1	1
D_8013DC38	8013DC38	8013EF44	4	4
D_8013DC3C	8013DC3C	8013EF48	2	2
D_8013DC48	8013DC48	8013EF54	1	1
D_8013DC50	8013DC50	8013EF5C	3	3
D_8013DD34	8013DD34	8013F040	2	2
D_8013DD40	8013DD40	8013F04C	2	2
D_8013DD44	8013DD44	8013F050	1	1
D_8013DD48	8013DD48	8013F078	1	1
D_8013DD80	8013DD80	8013F0B4	1	1
D_8013DD88	8013DD88	8013F0BC	1	1
D_8013DD90	8013DD90	8013F0C4	2	2
D_8013DD98	8013DD98	8013F0CC	10	10
D_8013DD9C	8013DD9C	8013F0D0	10	10
D_8013DDA0	8013DDA0	8013F0D4	10	10
D_8013DDA4	8013DDA4	8013F0D8	2	2
D_8013DDA8	8013DDA8	8013F0DC	4	4
D_8013DDAC	8013DDAC	8013F0E0	3	3
D_8013DDB0	8013DDB0	8013F0E4	5	5
D_8013DDB8	8013DDB8	8013F0EC	10	10
D_8013DDBA	8013DDBA	8013F0EE	3	3
D_8013DDBC	8013DDBC	8013F0F0	4	4
D_8013DDC0	8013DDC0	8013F0F4	14	14
D_8013DDC4	8013DDC4	8013F0F8	8	8
D_8013DDC8	8013DDC8	8013F0FC	2	2
D_8013DDD0	8013DDD0	8013F104	2	2
D_8013DDD4	8013DDD4	8013F108	7	7
D_8013DDD8	8013DDD8	8013F10C	6	6
D_8013DDE4	8013DDE4	8013F118	2	2
D_8013DDE8	8013DDE8	8013F11C	2	2
D_8013DDEC	8013DDEC	8013F120	3	3
D_8013DDF0	8013DDF0	8013F124	2	2
D_8013DDF2	8013DDF2	8013F126	1	1
D_8013DDF4	8013DDF4	8013F128	1	1
D_8013DDFA	8013DDFA	8013F12E	1	1
D_8013DDFC	8013DDFC	8013F130	1	1
D_8013DE00	8013DE00	8013F134	2	2
D_8013DE10	8013DE10	8013F144	4	4
D_8013DE28	8013DE28	8013F15C	9	9
D_8013DE2C	8013DE2C	8013F160	2	2
D_8013DE30	8013DE30	8013F164	4	4
D_8013DE3C	8013DE3C	8013F170	1	1
D_8013DE48	8013DE48	8013F17C	3	3
D_8013DE4C	8013DE4C	8013F180	3	3
D_8013DE54	8013DE54	8013F188	3	3
D_8013DE58	8013DE58	8013F18C	2	2
D_8013DE74	8013DE74	8013F1A8	1	1
D_8013DE88	8013DE88	8013F1BC	1	1
D_8013DE90	8013DE90	8013F1C4	6	6
D_8013DE94	8013DE94	8013F1C8	2	2
D_8013DE98	8013DE98	8013F1CC	5	5
D_8013DEA0	8013DEA0	8013F1D4	8	8
D_8013DEA4	8013DEA4	8013F1D8	1	1
D_8013DEA8	8013DEA8	8013F1DC	4	4
D_8013DEAC	8013DEAC	8013F1E0	1	1
D_8013DEB0	8013DEB0	8013F1E4	6	6
D_8013DEB4	8013DEB4	8013F1E8	2	2
D_8013DEB8	8013DEB8	8013F1EC	4	4
D_8013DEBC	8013DEBC	8013F1F0	1	1
D_8013DEC8	8013DEC8	8013F1FC	6	6
D_8013DECC	8013DECC	8013F200	4	4
D_8013DED0	8013DED0	8013F204	4	4
D_8013DED4	8013DED4	8013F208	19	19
D_8013DED8	8013DED8	8013F20C	5	5
D_8013DEDC	8013DEDC	8013F210	4	4
D_8013DF64	8013DF64	8013F298	4	4
D_8013DFC4	8013DFC4	8013F2F8	4	4
D_8013DFD0	8013DFD0	8013F304	2	2
D_8013DFF0	8013DFF0	8013F324	1	1
D_8013E008	8013E008	8013F33C	2	2
D_8013E038	8013E038	8013F36C	6	6
D_8013E068	8013E068	8013F39C	6	6
D_8013E098	8013E098	8013F3CC	8	8
D_8013E0C0	8013E0C0	8013F3F4	2	2
D_8013E0D8	8013E0D8	8013F40C	2	2
D_8013E0E8	8013E0E8	8013F41C	2	2
D_8013E0F4	8013E0F4	8013F428	6	6
D_8013E2F4	8013E2F4	8013F628	1	1
D_8013E300	8013E300	8013F634	1	1
D_8013E340	8013E340	8013F674	1	1
D_8013E384	8013E384	8013F6B8	2	2
D_8013E39C	8013E39C	8013F6D0	1	1
D_8013E3B4	8013E3B4	8013F6E8	3	3
D_8013E3FC	8013E3FC	8013F730	1	1
D_8013E408	8013E408	8013F73C	1	1
D_8013E414	8013E414	8013F748	3	3
D_8013E5A0	8013E5A0	8013F8D4	2	2
D_8013E850	8013E850	8013FB84	4	4
D_8013E85C	8013E85C	8013FB90	1	1
D_8013E8A1	8013E8A1	8013FBD5	1	1
D_8013E8A2	8013E8A2	8013FBD6	2	2
D_8013E8A4	8013E8A4	8013FBD8	1	1
D_8013E8C0	8013E8C0	8013FBF4	1	1
D_8013E980	8013E980	8013FCE8	4	4
D_8013EA9C	8013EA9C	8013FE04	2	2
D_8013EAA0	8013EAA0	8013FE08	4	4
D_8013EAA8	8013EAA8	8013FE10	6	6
D_8013EAAC	8013EAAC	8013FE14	4	4
D_8013EAB0	8013EAB0	8013FE18	3	3
D_8013EAD8	8013EAD8	8013FE40	1	1
D_8013EAF8	8013EAF8	8013FE60	3	3
D_8013EC04	8013EC04	8013FF6C	3	3
D_8013EC08	8013EC08	8013FF70	2	2
D_8013EC0C	8013EC0C	8013FF74	2	2
D_80144864	80144864	80145BCC	15	15
D_8014487C	8014487C	80145BE4	2	2
D_8014487D	8014487D	80145BE5	1	1
D_8014487E	8014487E	80145BE6	1	1
D_80144880	80144880	80145BE8	1	1
D_80144884	80144884	80145BEC	3	3
D_80144E58	80144E58	801461C0	1	1
D_80144E7C	80144E7C	801461E4	2	2
D_80144E80	80144E80	801461E8	4	4
D_80144E84	80144E84	801461EC	2	2
D_80144E88	80144E88	801461F0	1	1
D_8014647C	8014647C	801477E4	2	2
D_80146CD8	80146CD8	80148040	1	1
D_80146CF8	80146CF8	80148060	2	2
D_80146D00	80146D00	80148068	1	1
D_80147500	80147500	80148868	3	3
D_80147504	80147504	8014886C	5	5
D_80147514	80147514	8014887C	12	12
D_80147518	80147518	80148880	17	17
D_8014751C	8014751C	80148884	2	2
D_80147520	80147520	80148888	2	2
D_80147524	80147524	8014888C	6	6
D_80147528	80147528	80148890	8	8
D_80147558	80147558	801488C0	2	2
D_80147560	80147560	801488C8	3	3
D_80147564	80147564	801488CC	4	4
D_8014756C	8014756C	801488D4	6	6
D_80147570	80147570	801488D8	1	1
D_801475B8	801475B8	80148920	1	1
D_80147600	80147600	80148968	3	3
D_80147870	80147870	80148BD8	3	3
D_80147871	80147871	80148BD9	3	3
D_80147898	80147898	80148C00	1	1
D_8014789C	8014789C	80148C04	28	28
D_8014789D	8014789D	80148C05	1	1
D_801478E8	801478E8	80148C50	1	1
D_801478F4	801478F4	80148C5C	8	8
D_801478F8	801478F8	80148C60	3	3
D_801478FC	801478FC	80148C64	2	2
D_80147900	80147900	80148C68	2	2
D_8014791A	8014791A	80148C82	1	1
D_8014791C	8014791C	80148C84	1	1
D_801479F0	801479F0	80148D58	12	12
D_80147E28	80147E28	80149190	1	1
D_80147E2C	80147E2C	80149194	5	5
D_80147E34	80147E34	8014919C	2	2
D_80147E38	80147E38	801491A0	1	1
D_80148064	80148064	801493CC	1	1
D_80148448	80148448	801497B0	3	3
D_8014857C	8014857C	801498E4	2	2
D_80148580	80148580	801498E8	1	1
D_8014858C	8014858C	801498F4	2	2
D_80148590	80148590	801498F8	1	1
D_8014859C	8014859C	80149904	2	2
D_80148786	80148786	8014991A	1	1
D_80148788	80148788	8014991C	1	1
D_8014878C	8014878C	80149920	1	1
D_8014898C	8014898C	80149CF4	2	2
D_8014899C	8014899C	80149D04	6	6
D_801489A4	801489A4	80149D0C	5	5
D_801489AC	801489AC	80149D14	1	1
D_801489B4	801489B4	80149D1C	8	8
D_801489B8	801489B8	80149D20	12	12
D_801489BC	801489BC	80149D24	8	8
D_801489D0	801489D0	80149D38	1	1
D_801489D4	801489D4	80149D3C	1	1
D_801489E4	801489E4	80149D4C	1	1
D_801489EC	801489EC	80149D54	5	5
D_801489F0	801489F0	80149D58	5	5
D_801489F4	801489F4	80149D5C	5	5
D_801489F8	801489F8	80149D60	5	5
D_801489FC	801489FC	80149D64	5	5
D_80148A00	80148A00	80149D68	5	5
D_80148A04	80148A04	80149D6C	5	5
D_80148A08	80148A08	80149D70	5	5
D_80148A0C	80148A0C	80149D74	5	5
D_80148A10	80148A10	80149D78	7	7
D_80148A14	80148A14	80149D7C	7	7
D_80148A18	80148A18	80149D80	7	7
D_80148A1C	80148A1C	80149D84	5	5
D_80148A20	80148A20	80149D88	7	7
D_80148A24	80148A24	80149D8C	7	7
D_80148A28	80148A28	80149D90	7	7
D_80148A2C	80148A2C	80149D94	1	1
D_80148A38	80148A38	80149DA0	1	1
D_80148A6C	80148A6C	80149DD4	2	2
D_80148A7C	80148A7C	80149DE4	1	1
D_80148A84	80148A84	80149DEC	3	3
D_80148AC4	80148AC4	80149E2C	4	4
DashHUD_gInfo	80112730	80113A14	42	42
Device_gDeviceList	8011EC18	8011FF34	18	18
Device_gForcePause	8013D778	8013EA8C	5	5
Device_gPausePort	8013D77C	8013EA90	7	7
Device_gPausePortIndex	8013D794	8013EAA8	9	9
Device_gPaused	8013D780	8013EA94	4	4
Device_gPrev	8013D78C	8013EAA0	1	1
Device_gToggleTime	8013D784	8013EA98	3	3
DrawC_HeadLightFlash	8011F474	80120790	4	4
DrawC_SirenFlash	8011F454	80120770	1	1
DrawC_TailLightFlash	8011F494	801207B0	2	2
DrawC_gEnvMap	8013D7F0	8013EB04	7	7
DrawC_gEnvMapMax	8013D7F8	8013EB0C	3	3
DrawC_gEnvMapOffset	8013D7C8	8013EADC	1	1
DrawC_gMatA	8011F4E8	80120804	1	1
DrawC_gMenuColor	8013D800	8013EB14	3	3
DrawC_gMenuLights	8013D808	8013EB1C	1	1
DrawC_gMenuLightsDirection	8013D80C	8013EB20	2	2
DrawC_gOverlay	8011F508	80120824	42	42
DrawC_gReflectOffset	8013D814	8013EB28	2	2
DrawC_gScreenMat	8011F4C8	801207E4	10	10
DrawC_gShadow	8013D7F4	8013EB08	7	7
DrawC_gShadowMax	8013D7FC	8013EB10	3	3
DrawC_gWetRoad	8013D810	8013EB24	2	2
Draw_gDoVSync	8013D7A8	8013EABC	4	4
Draw_gMaxPrim	8013D7C0	8013EAD4	1	1
Draw_gMidGroundOtz	8013D7BC	8013EAD0	2	2
Draw_gNumView	8013D7AC	8013EAC0	10	10
Draw_gPlayer1View	8013D3CC	8013E6DC	12	12
Draw_gPlayer2View	8013D3D0	8013E6E0	2	2
Draw_gView	8011EC54	8011FF70	12	12
Draw_gViewOtSize	8013D7B0	8013EAC4	22	22
EXTRAYATTOP	8005290C	8005315C	5	5
FEApp	800514C0	80051D68	84	84
FILE_read	800EC4EC	800ECE34	1	1
FadingMusic	8013C63D	8013D95D	1	1
Fe3D_lightsVertex	80051334	80051BDC	2	2
Fe3D_spotVertex	8005126C	80051B14	2	2
FeTools_gScrollTicksOut	800517D0	80052018	2	2
FinalBTC_Countdown	8013D938	8013EC44	3	3
Flare_SunFlarePieces	801201E8	80121504	1	1
Flare_gHex	8011FEE8	80121204	1	1
Flare_gLensOct	801201A8	801214C4	1	1
Flare_gOct	8011FE68	80121184	6	6
Flare_gQuad	8011FF48	80121264	1	1
Flare_gReflectHex	8011FF18	80121234	1	1
Flare_gSpikes	8011FE48	80121164	2	2
Flare_gType	8011FF68	80121284	4	4
Fog_gBuf	8012307C	80124398	1	1
Fog_gCurrentKey	8013DB80	8013EE8C	2	2
Fog_gHeadKey	8013DB88	8013EE94	5	5
Fog_gNumKeys	8013DB7C	8013EE88	4	4
Font	80135E58	80137174	1	1
FontUpsideDownBlit__FiiPviiP12charactertbli	8004EFB4	8004F860	2	2
Font_Blit__FiiPviiP12charactertbli	800CB2AC	800CC038	1	1
Force_Update__FP8Car_tObj	800CABC0	800CB94C	2	2
Force_Vbl__Fv	800CA998	800CB724	1	1
Force_g	8011FD60	8012107C	6	6
Force_gActAlign	8013D840	8013EB54	2	2
Force_gOffAlign	8013D848	8013EB5C	2	2
Force_gTick	8013D84E	8013EB62	5	5
Force_rand_256	8011FC60	80120F7C	2	2
GEnv	8012369C	801249B8	3	3
GPU_printf	80123698	801249B4	10	10
GRIDMEMCARDGOURAUDBIT_X	80052918	80053168	6	6
GRIDMEMCARDGOURAUDBIT_Y	8005291C	8005316C	3	3
GRIDMEMCARD_HEIGHT	80052914	80053164	2	2
GRIDMEMCARD_STARTX	800528F4	80053144	8	8
GRIDMEMCARD_STARTY	800528F8	80053148	5	5
GRIDMEMCARD_WIDTH	80052910	80053160	4	4
GameSetup_gCarNames	80113044	80114328	10	10
GameSetup_gData	801131EC	801144D0	188	237
GameSetup_gPersonalityNames	80113174	80114458	3	3
GameSetup_gTrackNames	80113144	80114428	1	1
GlobalSimQuad	8013C7BC	8013DADC	1	1
Hcount	80134A90	80135DAC	3	3
Hrz_gLightningPosInSky	8013D894	8013EBA8	2	2
Hrz_gTrackSpec	8013D888	8013EB9C	7	7
HudBustedOverlay	8013D928	8013EC34	15	15
HudBustedOverlayPlayer	8013D944	8013EC50	2	2
HudMapOffsetY	8013D96C	8013EC78	16	16
HudPmx_gHudNumberUV	80110C70	80111F60	4	4
HudPmx_gShapes	80110C98	80111F88	25	25
HudSplitTimeDiff1	8013DE18	8013F14C	2	2
HudSplitTimeDiff2	8013DE20	8013F154	2	2
Hud_ActivateCDPlayer	8013D930	8013EC3C	5	5
Hud_BeTheCop	8013D93C	8013EC48	20	20
Hud_Character	80120AAC	80121DC8	2	2
Hud_NextPerp	8013D994	8013ECA0	9	9
Hud_gCdActive	8013D92C	8013EC38	6	6
Hud_gCdLastTick	8013D984	8013EC90	7	7
Hud_gCdScrollTitle	8013D988	8013EC94	9	9
Hud_gCopMarkerColor	80120B90	80121EAC	2	2
Hud_gElementPositions	80120924	80121C40	1	1
Hud_gHudView	8013D950	8013EC5C	3	3
Hud_gMapView	8013D958	8013EC64	2	2
Hud_gMarkerColor	80120B60	80121E7C	4	4
Hud_gStatsView	8013D968	8013EC74	6	6
Hud_gTacView	8013D960	8013EC6C	1	1
Hud_gWingmanFlashIcon	8013D8B4	8013EBC8	2	2
Hud_gWingmanFlashTicks	8013D8B8	8013EBCC	3	3
Hud_gWingmanInterface	8013D8B0	8013EBC4	5	5
Hud_kTurnSongOffNext	8013D940	8013EC4C	4	4
HudminChar	8013D89C	8013EBB0	1	1
InBetween	8013D40C	8013E71C	9	9
InGameSelectListAudioMode	8013D244	8013E548	1	1
InfiniteMassNewton	801100E4	801113D4	1	1
InitCARD2	8010C9D0	8010D658	1	1
Input_gDBFlags	80113EF4	801151D8	2	2
Input_gHandler	80113C14	80114EF8	7	7
Input_gInterfaceResults	80113F14	801151F8	5	5
Input_gLookBehind	8013D230	8013E534	10	10
Input_gMode	8013D238	8013E53C	3	3
Input_gPressTime	80113F94	80115278	11	11
Input_gResults	8013D224	8013E528	3	4
Input_gSim	8013D22C	8013E530	4	4
Input_gTime	8013D220	8013E524	7	7
MDECCompleteHandler__Fv	80050C20	800514C8	2	2
MEMCARDICONOFFX	80052920	80053170	3	3
MEMCARDICONOFFY	80052924	80053174	3	3
MEMCARD_DELTAX	800528FC	8005314C	5	5
MEMCARD_DELTAY	80052900	80053150	5	5
MEMCARD_INITIALIZED	80051A80	800522C8	2	2
MEM_defaultevent	800F4178	800F4B00	1	1
MENUUSERNAME_STARTY	800529B2	80053202	4	4
MemCardCmd_cb	800FAE2C	800FB804	4	4
MemCardExist_cb	800FABF0	800FB5C8	3	3
MemCardReadData_cb	800FB118	800FBAF0	2	2
MemCardReadFile_cb	800FB560	800FBF38	1	1
MemCardStart_cb	800FC170	800FCB48	1	1
MemCardWriteData_cb	800FB30C	800FBCE4	2	2
MemCardWriteFile_cb	800FB780	800FC158	1	1
NewBestLap	80052998	800531E8	2	2
NewRecords	80052978	800531C8	1	1
Newton_ApplyTheLawOfGravity__FP13BO_tNewtonObj	800A3674	800A41DC	1	1
Newton_QDUpdateRot32Hz__FP13BO_tNewtonObj	800A21F8	800A2D08	1	1
Newton_QDUpdateRot64Hz__FP13BO_tNewtonObj	800A20E8	800A2BF8	1	1
Newton_QDUpdateVel__FP13BO_tNewtonObj	800A1E68	800A2978	1	1
Newton_UpdateRoadInfo__FP13BO_tNewtonObj	800A1568	800A2078	1	1
Night_gAdditiveHeadlightColor	80120DBC	801220D8	2	2
Night_gCopColor	8013DA4C	8013ED58	2	2
Night_gCopCountryLightTbl	80120D18	80122034	1	1
Night_gCopLightingTableBlue	8013D9EC	8013ECF8	6	6
Night_gCopLightingTableRed	8013D9E8	8013ECF4	6	6
Night_gCurrentNightColor	8013DA48	8013ED54	2	2
Night_gDrawLightning	8013D9E0	8013ECEC	5	5
Night_gEndNextLightning	8013DA6C	8013ED78	6	6
Night_gFlashAzimuth	8013DA74	8013ED80	2	2
Night_gFlashIntensity	8013DA7C	8013ED88	2	2
Night_gLightning	8013DA64	8013ED70	6	6
Night_gLightningPauseAreas	80120D2C	80122048	1	1
Night_gLightningType	8013DA44	8013ED50	4	4
Night_gNextFlicker	8013DA70	8013ED7C	5	5
Night_gNextLightning	8013DA68	8013ED74	8	8
Night_gNightTbl	8013DA40	8013ED4C	4	4
Night_gPlayerHeadLightColor	8013DA80	8013ED8C	4	4
Night_gPlayerLightingTable	8013D9E4	8013ECF0	6	6
Night_gShowForks	8013DA78	8013ED84	5	5
Night_gTotalLights	8013DA60	8013ED6C	9	9
Night_gWeatherColor	8013DA88	8013ED94	3	3
Night_gWeatherLightingTable	8013D9F0	8013ECFC	5	5
Night_gXDist	8013DA2C	8013ED38	1	1
Night_gXDistShift	8013DA38	8013ED44	6	6
Night_gZDist	8013DA34	8013ED40	1	1
Night_gZDistShift	8013DA3C	8013ED48	6	6
Night_gZNear	8013DA30	8013ED3C	4	4
NumSFXOn	8013C670	8013D990	4	4
NumTexts	800526B8	80052F08	2	2
Object_IMassObjInst	8013D2D8	8013E5E0	11	11
Object_customObjInst	8013D2C8	8013E5D0	10	10
Object_customSFXInst	8013D2D0	8013E5D8	8	8
Object_customSimObjs	8013D2CC	8013E5D4	12	12
Object_customSliceNum	8013D2D4	8013E5DC	7	7
PAD_update	800E4210	800E4DF4	2	2
Paths_Paths	80116468	8011774C	6	6
PerpOverlayMessage	8013DE40	8013F174	3	3
PerpOverlayOn	8013DE38	8013F16C	5	5
Physics_SimCar__FP8Car_tObj	800AD544	800AE1E0	1	1
PinkSlipsScreenState	80052034	80052884	7	7
PulsateYellow	800515AC	80051E54	2	2
R3DCar_BigFile	8013D3B0	8013E6C0	12	12
R3DCar_Clock	8013D3A8	8013E6B8	3	3
R3DCar_ClockLast	8013D3AC	8013E6BC	3	3
R3DCar_CopCountry	8011689C	80117B80	3	3
R3DCar_CopIndex	8011687C	80117B60	4	4
R3DCar_EnvMapInfo	80116DBC	801180A0	2	2
R3DCar_FlareCopSirenType	80116758	80117A3C	1	1
R3DCar_FlareOverlayIndex	8011674C	80117A30	2	2
R3DCar_ForceDriveSide	80116844	80117B28	1	1
R3DCar_InMenu	8013D324	8013E634	36	36
R3DCar_LicenseShapeFile	8013D3B4	8013E6C4	7	7
R3DCar_LoadedSceneColor	80116B30	80117E14	3	3
R3DCar_LoadedSceneCounter	80116A98	80117D7C	8	8
R3DCar_LoadedSceneCountry	80116AFC	80117DE0	3	3
R3DCar_LoadedScenePointer	80116908	80117BEC	10	10
R3DCar_LoadedSceneVRam	80116BF8	80117EDC	2	2
R3DCar_ObjectInfo	801165E0	801178C4	5	5
R3DCar_ObjectVisible	801168AC	80117B90	4	4
R3DCar_PositionZ	80116D88	8011806C	3	3
R3DCar_RecessedLight	80116828	80117B0C	1	1
R3DCar_SignalBrakeFlare	8011680C	80117AF0	3	3
R3DCar_aSyncLoading	8013D384	8013E694	6	6
R3DCar_center	8013D390	8013E6A0	2	2
R3DCar_eMapColour	8013D3A0	8013E6B0	2	2
R3DCar_orientMat	8013D388	8013E698	7	7
R3DCar_position	8013D38C	8013E69C	6	6
R3DCar_rightHandDrive	8013D3BC	8013E6CC	2	2
R3DCar_shadowColour	8013D39C	8013E6AC	1	1
R3DCar_shadowVertex	801168E8	80117BCC	2	2
R3DCar_subOt	8013D3B8	8013E6C8	3	3
R3DCar_subOtStart	80116DAC	80118090	7	7
R3DCar_yawCam	8013D3A4	8013E6B4	2	2
Render_gBlurEffectDepth1	8013D3C0	8013E6D0	4	4
Render_gBlurEffectDepth2	8013D3C4	8013E6D4	1	1
Render_gBlurEffectMode	8013D3C8	8013E6D8	4	4
Render_gPauseMenuView	8013D3E8	8013E6F8	4	4
ReplayCameraList	80117008	801182EC	1	1
Replay_DoReplay__FP8Car_tObj	800B502C	800B5D04	1	1
Replay_ReplayBuffer	8011716C	80118450	6	6
Replay_ReplayCamera	8011704C	80118330	14	14
Replay_ReplayCounter	8013D400	8013E710	8	8
Replay_ReplayGetPtr	8013D3FC	8013E70C	13	13
Replay_ReplayInterface	8011702C	80118310	16	16
Replay_ReplayMode	8013D3F4	8013E704	40	40
Replay_ReplayStorePtr	8013D3F8	8013E708	14	14
Replay_Size	8013D3EC	8013E6FC	4	4
SNDSYS_restore	800F204C	800F0E78	1	1
SNDbankremove	800E6674	800E724C	1	1
SceneLoaded	8013C758	8013DA78	5	5
Sched_ExecuteElapsedTimes	8011DFF8	8011F2DC	1	1
Sched_ExecuteMasks	8011E030	8011F314	1	1
Sched_ExecuteTimes	8011DFDC	8011F2C0	1	1
Sched_ExecuteiTimes	8011E014	8011F2F8	1	1
Sched_gExecuteInfo	8011E04C	8011F330	1	1
SelectListConfig	8013D24C	8013E550	1	1
SelectListOffOn	80051974	800521BC	1	1
SelectListTrackDirection	8005198C	800521D4	1	1
Sky_gTrackSpec	8013D88C	8013EBA0	32	32
Speech_AllocateRAM__FlPc	800942E8	80094DDC	1	1
Speech_HandleRequest__Fllll	80094334	80094E28	1	1
Speech_PurgeRAM__FPc	80094314	80094E08	1	1
Speech_gCallSignDescription	80111E08	801130F8	3	3
Speech_gCarDescription	80111A44	80112D34	2	2
Speech_gCopAttr	80111E5C	8011314C	2	2
Speech_gLocationDescription	80111DDC	801130CC	2	2
StCHANNEL	80146C88	80147FF0	1	1
StCdIntrFlag	80146C80	80147FE8	4	4
StEmu_Addr	80146C7C	80147FE4	13	13
StEmu_Idx	80146C9C	80148004	22	22
StEndFrame	80146C94	80147FFC	2	2
StFinalSector	80146CA4	8014800C	5	5
StFunc1	80144874	80145BDC	1	1
StFunc2	80144878	80145BE0	2	2
StMode	801489CC	80149D34	3	3
StRgb24	80146C90	80147FF8	2	2
StRingAddr	80146CAC	80148014	6	6
StRingBase	80146CA8	80148010	5	5
StRingIdx1	80146CB0	80148018	13	13
StRingIdx2	80146CB4	8014801C	8	8
StRingIdx3	80146CB8	80148020	1	1
StRingSize	80146CBC	80148024	3	3
StSTART_FLAG	80146C98	80148000	4	4
StStartFrame	80146CC0	80148028	1	1
StartedNewMusic	8013C63E	8013D95E	1	1
StatsTimer	8013D998	8013ECA4	11	11
Stats_TrackStats__FP8Car_tObj	800B81FC	800B8ED4	1	1
Stats_gTrackRecords	80114D94	80116078	2	2
Stats_racePosition	8011E0E0	8011F3C4	6	6
Stframe_no	80146C8C	80147FF4	6	6
Stsector_offset	80146CA0	80148008	8	8
TP_gZPaletteSystem	8013DB78	8013EE84	4	4
TextLocations	80052398	80052BE8	1	1
Texture_CarColor	8013DB08	8013EE14	14	14
Texture_gNum4bitPal	8013DB14	8013EE20	5	5
Texture_gNum8bitPal	8013DB18	8013EE24	5	5
Texture_gP4bitPmx	8013DB1C	8013EE28	4	4
Texture_gP8bitPmx	8013DB20	8013EE2C	4	4
Texture_gPalette4bit	8013DB24	8013EE30	4	4
Texture_gPalette8bit	8013DB28	8013EE34	4	4
Texture_palCopy	8013DB0C	8013EE18	4	4
Texture_palNum	8013DB10	8013EE1C	11	11
TrackSpec_gCurrentSpec	8013DB94	8013EEA0	1	1
TrackSpec_gMaxSpec	8013DB98	8013EEA4	1	1
TrackSpec_gPrevSpec	8013DB90	8013EE9C	1	1
TrackSpec_gSpec	8012327C	80124598	15	16
Track_chunkList	8013D4B8	8013E7C8	18	18
Track_gControllerCount	8013D4E4	8013E7F8	5	5
Track_gInViewCount	8013D4B0	8013E7C0	1	1
Track_gInViewList	8013D4AC	8013E7BC	2	2
Track_gMatController	8013D4E8	8013E7FC	13	13
Track_gObjDefs	8013D4D4	8013E7E8	17	17
Track_gReflectionMaps	8011E170	8011F48C	3	3
Track_gSaveSurface	8013D4CC	8013E7DC	2	2
Track_materials	8013D4D0	8013E7E0	4	4
Track_mem	8013D4D8	8013E7EC	5	5
TrsProj_precision	8013DB9C	8013EEA8	4	4
UserPermFileName	800529B8	80053208	1	1
Vcount	80137D10	8013902C	8	8
Weather_gDensityChangeFactor	8013DBF8	8013EF04	4	4
Weather_gDensityGoalState	8013DBF0	8013EEFC	6	6
Weather_gDensityTbl	80123384	801246A0	2	2
Weather_gDensityTimerGoal	8013DC00	8013EF0C	3	3
Weather_gDrawnServer	8013DBE0	8013EEEC	2	2
Weather_gIntensityChangeFactor	8013DBFC	8013EF08	4	4
Weather_gIntensityGoalState	8013DBF4	8013EF00	8	8
Weather_gIntensityTbl	80123394	801246B0	3	3
Weather_gIntensityTimerGoal	8013DC04	8013EF10	3	3
Weather_gPServer	8013DBD0	8013EEDC	2	2
Weather_gPos	8013DBA8	8013EEB4	6	6
Weather_gPrevPServer	8013DBD8	8013EEE4	2	2
Weather_gPrevPos	8013DBB0	8013EEBC	5	5
Weather_gRandomVelocityVectors	801233E4	80124700	1	1
Weather_gSnowTrack	8013DC08	8013EF14	3	3
Weather_gSplatInfo	8013DBAC	8013EEB8	8	8
Weather_gSplatInfoServer	8013DBC8	8013EED4	2	2
Weather_gSys	80123408	80124724	23	23
Weather_gTrackIntensityLimit	8013DC0C	8013EF18	2	2
Weather_gTrackIntensityLimitTbl	801233A4	801246C0	1	1
Weather_gTrackSpec	8013DBC4	8013EED0	1	1
Weather_gType	8013DBEC	8013EEF8	7	7
Weather_gWasDrawn	8013DBA4	8013EEB0	7	7
Xfade	8010E68C	8010F97C	1	1
_19AIHigh_BTC_HumanCop_lastInputRequestTick_	8013C560	8013D87C	5	5
_6Speech_fgSpeech	8013CD84	8013E0A4	39	39
_6Speech_fgUndefined	8013CD88	8013E0A8	5	5
_7tScreen_fSuppressLoadingText	800517C8	80052010	3	3
__bss_org	8013DEE0	8013F214	4	4
__sdata_org	8013C54C	8013D868	2	2
_bss_obj	8013DD7C	8013F0B0	6	6
_cd_event_read	801091A8	80109E10	1	1
_cd_event_ready	80109180	80109DE8	1	1
_cd_event_sync	80109158	80109DC0	1	1
_cd_intr_dispatch	80108680	80109058	2	2
_cdread2_ready	800F8FCC	800F9954	1	1
_ctype_	801371D1	801384ED	1	1
_dirCheck	8010A510	8010B178	1	1
_dirRecvAuto	8010A1E4	8010AE4C	1	1
_dirSendAuto	8010A0E4	8010AD4C	1	1
_dma_isr	801066F8	801070D0	1	1
_first_patch	80109F5C	8010ABC4	1	1
_front_data_org	80051260	80051B08	3	3
_front_data_orgend	80052B38	80053388	8	8
_front_obj	80010000	80010000	1	1
_gpu_que_drain	800EF60C	800EFF94	2	2
_install_drain_cb	800EFE0C	800F0794	1	1
_padChanStart	80137CC8	80138FE4	3	3
_padChanStop	80137CCC	80138FE8	5	5
_padFixResult	80137CD0	80138FEC	4	4
_padFuncChkEng	80137C94	80138FB0	4	4
_padFuncClrCmdNo	80137C9C	80138FB8	2	2
_padFuncClrInfo	80137C7C	80138F98	8	8
_padFuncCurrLimit	80137C84	80138FA0	1	1
_padFuncGetGunPos	80137CA8	80138FC4	1	1
_padFuncGetTxd	80137C80	80138F9C	2	2
_padFuncIntGun	80137CA0	80138FBC	1	1
_padFuncNextPort	80137C78	80138F94	4	4
_padFuncPort2Info	80137C8C	80138FA8	5	5
_padFuncPtr2Port	80137C88	80138FA4	1	1
_padFuncRecvAuto	80137C98	80138FB4	3	3
_padFuncSendAuto	80137C90	80138FAC	6	6
_padFuncSetGunPort	80137CA4	80138FC0	1	1
_padGunExec	80137CB4	80138FD0	1	1
_padInfoDir	80137CAC	80138FC8	5	5
_padIntExec	80137CB0	80138FCC	5	5
_padLoadActInfo_rcv	80105980	80106358	1	1
_padLoadActInfo_snd	801058D8	801062B0	1	1
_padModeMtap	80137CC4	80138FE0	2	2
_padSetActAlign_rcv	80105C78	80106650	1	1
_padSetActAlign_snd	80105C5C	80106634	1	1
_padSetMainMode_rcv	80105E2C	80106804	1	1
_padSetMainMode_snd	80105DD8	801067B0	1	1
_padSioChan	80137CB8	80138FD4	11	11
_padSioState	80137CBC	80138FD8	7	7
_padTotalCurr	80137CC0	80138FDC	6	6
_padVbCallback0	80104AB0	80105488	1	1
_padVbCallback1	80104A48	80105420	1	1
_pad_failall	800FDEF0	800FE8C8	1	1
_pad_filter	800FE0B0	800FEA88	1	1
_pad_get_port	800FE364	800FED3C	1	1
_pad_getbyte	800FDFF4	800FE9CC	1	1
_pad_port_to_slot	800FE32C	800FED04	1	1
_pad_reset_state	800FDE88	800FE860	1	1
_pad_shift	800FDFE4	800FE9BC	1	1
_patch_card	8010CA68	8010D6F0	1	1
_patch_gte_handler_1	80106500	80106ED8	1	1
_qin	801237C4	80124AE0	21	21
_qout	801237C8	80124AE4	20	20
_que	8013EC00	8013FF68	3	3
_read_data_int	80108B24	801094FC	2	2
_read_int	801088B0	80109288	1	1
_read_sync	8010887C	80109254	2	2
_startTime	80148AB0	80149E18	6	6
_vt_10AIHigh_Cop	80055154	80055924	1	1
_vt_10tMenuBlank	80010680	80010678	2	2
_vt_10tPMenuItem	800562CC	80056A80	2	2
_vt_11AIHigh_Base	80054E04	800555D4	2	2
_vt_11tDialogBase	800105B0	800105A8	3	3
_vt_11tDialogHelp	80010550	80010548	1	1
_vt_11tScreenMain	800118B0	80011860	1	1
_vt_12AIHigh_Human	800550C8	80055898	1	1
_vt_12AIState_Idle	80055600	80055DD0	8	8
_vt_12tDialogYesNo	80010370	80010368	1	1
_vt_12tMenuOptions	80010620	80010618	2	2
_vt_12tOptionsMenu	80010F08	80010F00	2	2
_vt_12tScreenAudio	80012158	80012110	1	1
_vt_13AIState_Chase	800555E0	80055DB0	2	2
_vt_13tListIterator	800113C8	80011370	2	2
_vt_14AIDataRecord_t	800554AC	80055C7C	2	2
_vt_14AIHigh_BTC_Cop	80054F04	800556D4	1	1
_vt_14AIHigh_Traffic	800551B0	80055980	1	1
_vt_14AIState_Cruise	80055500	80055CD0	1	1
_vt_14AIState_Donuts	80055540	80055D10	1	1
_vt_14AIState_Normal	80055620	80055DF0	1	1
_vt_14ObjectSignAnim	80056088	8005683C	1	1
_vt_14tInsideBoxMenu	80010EA8	80010EA0	2	2
_vt_14tPListIterator	80056334	80056AE8	2	2
_vt_14tScreenDisplay	800120D0	80012088	1	1
_vt_14tScreenMemcard	80012228	800121E0	1	1
_vt_15AIHigh_Opponent	800550F8	800558C8	1	1
_vt_15AIState_Offroad	800555C0	80055D90	2	2
_vt_15ObjectMultiAnim	800560B8	8005686C	1	1
_vt_15tDialogYesNoMem	80010310	80010308	1	1
_vt_15tDialogYesNoTri	800102B0	800102A8	2	2
_vt_15tMenuNFS4Bottom	800106E0	800106D8	2	2
_vt_15tScreenUserName	800126E8	800126A0	1	1
_vt_16AIHigh_BasicPerp	80054E6C	8005563C	9	9
_vt_16tListIteratorCar	80010208	80010200	2	2
_vt_16tScreenCarSelect	80011D08	80011CC0	2	2
_vt_16tScreenPinkSlips	80011930	800118E0	1	1
_vt_16tScreenTrackInfo	80011F78	80011F30	1	1
_vt_17AIHigh_BTC_AIPerp	80054FA0	80055770	2	2
_vt_17AIState_GotoSlice	80055520	80055CF0	1	1
_vt_17AIState_Purgatory	80055580	80055D50	2	2
_vt_17tDialogBackUpOnly	80010490	80010488	1	1
_vt_17tScreenTrophyInfo	80011E90	80011E48	1	1
_vt_17tScreenTrophyRoom	80011E28	80011DE0	2	2
_vt_17tUserNameMenuItem	80010B18	80010B10	1	1
_vt_18AIHigh_BTC_Wingman	80054EC4	80055694	1	1
_vt_18tInsideBoxSongMenu	80010C78	80010C70	2	2
_vt_18tListIteratorRange	80011308	800112B0	2	2
_vt_18tListIteratorTrack	80010FE8	80010FE0	2	2
_vt_18tMenuNFS4TwoPlayer	80010740	80010738	2	2
_vt_18tScreenTournSelect	80011DB0	80011D68	2	2
_vt_18tScreenTrackSelect	80011F08	80011EC0	1	1
_vt_19AIHigh_BTC_HumanCop	80054EE4	800556B4	1	1
_vt_19tScreenTrackRecords	80011FF0	80011FA8	1	1
_vt_20AIHigh_BTC_HumanPerp	80054FC0	80055790	1	1
_vt_20tDialogMessageString	800104F0	800104E8	3	3
_vt_20tListIteratorIndexed	80011398	80011340	2	2
_vt_20tMenuItemInteractive	80011228	800111D0	2	2
_vt_20tMenuItemSlidingMenu	80010E48	80010E40	2	2
_vt_20tScreenCarSelectDuel	80011C80	80011C38	1	1
_vt_21AIState_RovingTraffic	80055560	80055D30	2	2
_vt_21tDialogNoInputMessage	80010430	80010428	1	1
_vt_21tListIteratorCarColor	800101D8	800101D0	2	2
_vt_21tPListIteratorIndexed	80056304	80056AB8	2	2
_vt_21tPMenuItemInteractive	8005625C	80056A10	2	2
_vt_22ObjectFinishedSignAnim	800560A0	80056854	1	1
_vt_22tInsideBoxTwoWaySlider	80010B70	80010B68	2	2
_vt_22tMenuItemLeftRightFade	80010F60	80010F58	1	1
_vt_23AIDataRecord_AccTable_t	80055494	80055C64	1	1
_vt_23ObjectFinishedMultiAnim	800560D0	80056884	1	1
_vt_23tListIteratorTournament	80011670	80011618	2	2
_vt_23tMenuItemGoToMenuButton	80011120	800110C8	2	2
_vt_23tPMenuItemCommandButton	80056144	800568F8	2	2
_vt_23tScreenBeTheCopCongrats	80012310	800122C8	1	1
_vt_23tScreenControllerConfig	80012078	80012030	1	1
_vt_23tScreenPinkSlipCongrats	80012378	80012330	1	1
_vt_23tScreenTournamentTrophy	800123E0	80012398	1	1
_vt_24tListIteratorMultiPlayer	80011338	800112E0	1	1
_vt_24tMenuItemLeftRightChoice	800111D0	80011178	2	2
_vt_24tMenuItemLeftRightSlider	80011178	80011120	2	2
_vt_24tPMenuItemGoToMenuButton	8005617C	80056930	2	2
_vt_24tScreenPinkSlipStandings	800119A8	80011958	1	1
_vt_25tInsideBoxLeftRightSlider	80010BC8	80010BC0	2	2
_vt_25tListIteratorRangeIndexed	800112D8	80011280	2	2
_vt_25tPMenuItemLeftRightChoice	80056224	800569D8	2	2
_vt_25tPMenuItemLeftRightSlider	800561EC	800569A0	2	2
_vt_25tScreenCarSelectTwoPlayer	80011BF0	80011BA8	4	4
_vt_25tScreenPinkSlipsCarSelect	80011B60	80011B18	1	1
_vt_25tScreenTournamentCongrats	800122A8	80012260	1	1
_vt_26tListIteratorDoubleIndexed	80011368	80011310	1	1
_vt_26tScreenTournamentStandings	80011A48	800119F8	1	1
_vt_27tMenuItemGoToMenuNFS4Button	80010908	80010900	2	2
_vt_28tMenuItemNFS4LeftRightChoice	800108B0	800108A8	2	2
_vt_28tPMenuItemNonInteractiveText	80056294	80056A48	2	2
_vt_29tMenuItemLeftRightAudioSlider	80010CE0	80010CD8	2	2
_vt_31tScreenTournamentStandings3item	800119F8	800119A8	1	1
_vt_32tPMenuItemLeftRightSliderIndexed	800561B4	80056968	2	2
_vt_5tMenu	800110C8	80011070	2	2
_vt_6tPMenu	8005611C	800568D0	2	2
_vt_7tScreen	80011418	800113C0	2	2
_vt_9tMenuItem	80011280	80011228	2	2
_vt_9tMenuNFS4	800107A0	80010798	3	3
_vt_Q26Speech13MobileSpeaker	80055BD4	80056384	1	1
_vt_Q26Speech15DispatchSpeaker	80055CCC	8005647C	1	1
_vt_Q26Speech7Speaker	80055DC4	80056574	2	2
_waitTime	80148AAC	80149E14	5	5
abortflag	8013DCD4	8013EFE0	4	4
accidentSlice	8013C814	8013DB34	5	5
aeroUpgrade	8010DD00	8010E988	2	2
allLanguages	800514D0	80051D78	1	1
animScripts	8010E24C	8010F53C	5	5
animSlots	8010E14C	8010F43C	5	5
animation_timer	8011F718	80120A34	4	4
asintbl	80137260	8013857C	2	2
asyncsystemtask	800F1120	800F1E80	1	1
atantbl	80136CE8	80138004	1	1
audioBackwardsDirection	8013C62C	8013D94C	2	2
availablefilesystems	8013DC60	8013EF6C	8	8
bSirenOn	8010E790	8010FA80	4	4
bSirenPitchingUp	8010E7A8	8010FA98	1	1
befuddleExtensions	8011423C	80115520	1	1
befuddleTemp	80115C3C	80116F20	1	1
bestLapTime	8013C6C0	8013D9E0	6	6
biglen	8013DE64	8013F198	1	1
burnPath	8013D2E0	8013E5F0	1	1
camSpeedTable	8010F7D0	80110AC0	3	3
carManager	80114274	80115558	72	72
clock_realTime	80110C24	80111F14	5	5
closecallback	800FC850	800FD228	1	1
colourChosen	80051914	8005215C	1	1
colourRGB	8011FD70	8012108C	1	1
commentaryActualLevel	80051538	80051DE0	3	3
compressed_data	8011DB98	8011EE7C	3	3
controlData	8011706C	80118350	6	6
copGame	8010D51C	8010E1A4	1	1
copTuningInfo	8010DF5C	8010F24C	2	2
countdown	8013C63C	8013D95C	11	11
counter	8011E09C	8011F380	1	1
currentLap	8013C6BC	8013D9DC	3	3
currentSize	800517E0	80052028	3	3
currentSpeechViv	80051510	80051DB8	2	2
currentSpriteColor	8013DE14	8013F148	15	15
currentdirectory	80140414	8014177C	2	2
currentfilesystem	8013DC5C	8013EF68	6	6
currentfont	80135BA0	80136EBC	7	7
currentwindow	801486E4	80149C58	2	2
data_ready_callback	80108798	80109170	1	1
debug_cause	80136AE0	80137DFC	9	9
decodeansi	801069AC	80107384	1	1
decodeshiftjis	801069EC	801073C4	3	3
dircompare	800FA344	800FAD20	2	2
disablecd	8013DC58	8013EF64	3	3
divTable	8011401C	80115300	2	2
download	80052A30	80053280	4	4
drawpending	8013DD10	8013F01C	4	4
engineUpgrade	8010DCE0	8010E968	2	2
exceedRedline	8013D300	8013E610	4	4
fAmbientRangeON	8013C6F4	8013DA14	1	1
fHelpText	800515B0	80051E58	1	1
fMapOffX	80120B18	80121E34	1	1
fMapOffY	80120B30	80121E4C	1	1
fMapRotate	80120B48	80121E64	1	1
fMapScaleX	80120AC0	80121DDC	1	1
fMapScaleY	80120AEC	80121E08	1	1
fMemIcon	80052938	80053188	3	3
fMysticWindON	8013C6F0	8013DA10	1	1
fReverbLevel	8013C679	8013D999	3	3
fReverbOn	8013C678	8013D998	7	7
falseLapCounter	8013C634	8013D954	2	2
falseLapTrigCur	8013C6B4	8013D9D4	1	1
falseLapTrigNumsBackward	8010E63C	8010F92C	1	1
falseLapTrigNumsForward	8010E5EC	8010F8DC	1	1
fastRandom	8013D0FC	8013E400	98	98
fatantbl	80137868	80138B84	1	1
fePath	8013D2E4	8013E5F4	1	1
feeler3	8010F7EC	80110ADC	1	1
filesizeatomic	800E5608	800E61E0	1	1
findClosestSideDave	8013C838	8013DB58	6	6
flaseLapTrigTrack	8013C6B8	8013D9D8	1	1
fogslicePos	8013DB8C	8013EE98	5	5
font12	800517D4	8005201C	3	3
font18	800517D8	80052020	3	3
fontTitle	800517DC	80052024	3	3
font_abr	8013D860	8013EB74	2	2
font_clutx	8013D854	8013EB68	9	9
font_cluty	8013D858	8013EB6C	7	7
font_currentTPage	8013D868	8013EB7C	3	3
font_tint	8013D85C	8013EB70	2	2
fortext4	800E3E40	800E4A38	1	1
frictionLess	8013C830	8013DB50	5	5
frontEnd	80114600	801158E4	156	156
frontLimit	8013C7E4	8013DB04	2	2
frontMult	8013D308	8013E618	4	4
fudgeTable	801140E4	801153C8	1	1
funcEvSpError	80109564	8010A1CC	1	1
funcEvSpErrorx	801095B4	8010A21C	1	1
funcEvSpIOE	80109550	8010A1B8	1	1
funcEvSpIOEx	801095A0	8010A208	1	1
funcEvSpNewcard	8010958C	8010A1F4	1	1
funcEvSpNewcardx	801095DC	8010A244	1	1
funcEvSpTimeout	80109578	8010A1E0	1	1
funcEvSpTimeoutx	801095C8	8010A230	1	1
func_8010CA40	8010CA40	8010D6C8	2	4
g1Player	8013DE04	8013F138	48	48
gAllScreens	80051934	8005217C	2	2
gAnimDefs	80115C48	80116F2C	1	1
gBWSlice	8013C7A4	8013DAC4	1	1
gBlockadeTypes	8013C568	8013D884	2	2
gBrakeRatio	8013D2F0	8013E600	2	2
gCISouffle	8013D44C	8013E75C	11	11
gCView	80116F7C	80118260	10	10
gCalculateVictory	8013D28D	8013E595	1	1
gCarObj	80052A68	800532B8	9	9
gCarSelected	80051544	80051DEC	4	4
gChunkObjInfo	8011F748	80120A64	7	7
gClearCycle	801370BC	801383D8	1	1
gClutDepth	8012107C	80122398	4	4
gContextMan	8010EEAC	8011019C	2	2
gCopMat	8010EE88	80110178	4	4
gCountSm	8013DACC	8013EDD8	5	5
gCurrContext	8013C790	8013DAB0	10	10
gCurrentMemory	8013DAB8	8013EDC4	4	4
gCurrentNumSplats	8013DBA0	8013EEAC	1	1
gCurrentShapes	800517CC	80052014	10	10
gCurrentVIV	800514CC	80051D74	4	4
gDLPixmap	80112B2C	80113E10	2	2
gDPixmap	8013D1DC	8013E4E0	1	1
gDamagePixmap	8013D21C	8013E520	1	1
gDataRate	80148434	8014979C	2	2
gDirtPalette	8013D200	8013E504	2	2
gDiv	8011F628	80120944	1	1
gEnviro	8011F424	80120740	6	6
gEventDats	80148048	801493B0	5	5
gFEBigHandle	8013D280	8013E584	3	3
gFEBonus	8013D27C	8013E580	4	4
gFECheats	8013D278	8013E57C	2	2
gFEmusicON	8013C66C	8013D98C	1	1
gFileDevice	8013EA88	8013FDF0	24	24
gFilterSetting	8014842C	80149794	3	3
gFlarePixmap	80112B88	80113E6C	5	5
gFlare_LensFlare	80120278	80121594	6	6
gFlip	8013D7B4	8013EAC8	29	29
gFontClut	8013D864	8013EB78	4	4
gFontSpaceWidth	8013D866	8013EB7A	2	2
gFreePal4	8013DB2C	8013EE38	8	8
gFreePal8	8013DB34	8013EE40	7	7
gGameAudioList	8013C730	8013DA50	8	8
gGameNum	80148428	80149790	2	2
gGameSceneList	8013D408	8013E718	7	7
gGasRatio	8013D2F4	8013E604	12	12
gGrassPalette	8013D210	8013E514	2	2
gGravelPalette	8013D20C	8013E510	1	1
gGravelPixmap	8013D204	8013E508	3	3
gHelpShapes	80052A64	800532B4	20	20
gHighMemory	8013DAB4	8013EDC0	1	1
gHorizonExtraSkyPixmaps	80120338	80121654	1	1
gHorizonPixmap	801202F8	80121614	4	4
gHrzRingColor	801207F4	80121B10	1	3
gHrz_Lightning	801208BC	80121BD8	4	4
gHudF4	8013E450	8013F784	4	4
gHudG4	8013E730	8013FA64	2	2
gISouffle	8013D448	8013E758	8	8
gIdentTemplate	8011F570	8012088C	1	1
gInitialArt	8011E158	8011F474	8	8
gLargestUnused	800514B8	80051D60	3	3
gLastSubTick	80148430	80149798	5	5
gLastTick	80148438	801497A0	3	3
gLeafPixmap	8013D218	8013E51C	7	7
gLightningPixmap	80112B94	80113E78	3	3
gLoop	8013D7B8	8013EACC	3	3
gLowMemory	8013DAB0	8013EDBC	3	3
gMDECinfo	80052B28	80053378	9	9
gMPauseUpdate	8013D264	8013E568	4	4
gMPauseUpdateNextTime	8013D240	8013E544	8	8
gMapOffX	8013D97C	8013EC88	3	3
gMapOffY	8013D980	8013EC8C	2	2
gMapRotate	8013D970	8013EC7C	2	2
gMapScaleX	8013D974	8013EC80	3	3
gMapScaleY	8013D978	8013EC84	3	3
gMasterAmbientLevel	8013C660	8013D980	8	8
gMasterEngineLevel	8013C658	8013D978	2	2
gMasterFENarrationLevel	8013C65C	8013D97C	9	9
gMasterMusicLevel	8013C650	8013D970	9	9
gMasterSFXLevel	8013C654	8013D974	16	16
gMaxFindQuadSliceIterations	8013C7D4	8013DAF4	2	2
gMaxSChunk	8013DAD4	8013EDE0	4	4
gMemAlloc	801370A8	801383C4	3	3
gMemCardInfo	80052D68	800535B8	23	33
gMemFree	801370AC	801383C8	3	3
gMenuPixmap	80120FD0	801222EC	6	6
gMenuPixmapAlloc	80120FF0	8012230C	1	1
gMenuRotate	80051264	80051B0C	2	2
gMenu_SubMenuPlayer	800517C0	80052008	3	3
gMusicHandle	8013D51C	8013E830	1	1
gNbFreePal4	8013DB30	8013EE3C	12	12
gNbFreePal8	8013DB38	8013EE44	10	10
gNightInitCache	8013DA90	8013ED9C	1	1
gNightMat	8010EE64	80110154	5	5
gNight_renderNight	8013DA28	8013ED34	6	6
gNumBanks	801370B8	801383D4	6	6
gNumIMassObjects	8013D2DC	8013E5E4	5	5
gNumSlices	8013C7C8	8013DAE8	151	151
gObjDefOffsetsGroup	8013D4E0	8013E7F4	5	5
gPadinfo	8013E89C	8013FBD0	34	34
gPauseMenuDefs	8013D268	8013E56C	18	18
gPauseMenuRect	8013D3D4	8013E6E4	2	2
gPauseRender	8013D3DC	8013E6EC	1	1
gPersistMidgroundObjInst	8013D4C4	8013E7D4	2	2
gPersistObjDef	8013D4BC	8013E7CC	7	7
gPersistObjDefBoundingSpheres	8013D4C8	8013E7D8	1	1
gPersistObjInst	8013D4C0	8013E7D0	7	7
gPixmaps	80112BD4	80113EB8	6	6
gPreLoadTicks	80148044	801493AC	2	2
gPrevSkidSm	8011E2F0	8011F60C	9	9
gQuickSirenCount	8013C710	8013DA30	4	4
gReparm	801370A0	801383BC	2	2
gReplayCameraSlots	8011DBDC	8011EEC0	11	11
gRngCoordTop	8013D890	8013EBA4	6	6
gSMokePalette	8013D1FC	8013E500	4	4
gSMokePixmap	8013D1F4	8013E4F8	3	3
gSPCH_Initialized	801370B0	801383CC	4	4
gSampleRequest	80137094	801383B0	3	3
gSaveChunk	8011E770	8011FA8C	4	4
gSaveSeg	8011E6F0	8011FA0C	4	4
gSemiTransText	8005160C	80051EB4	2	2
gSentenceChoice	8014843C	801497A4	5	5
gSentenceRuleSet	8013709C	801383B8	6	6
gSentenceRuleTest	80137098	801383B4	3	3
gShadowPixmap	8013D1E4	8013E4E8	3	3
gShowroomLights	800514B4	80051D5C	3	3
gSimObjAnims	80115D60	80117044	7	7
gSimQueue_BlockOther	8013D43C	8013E74C	4	4
gSimQueue_BlockSelf	8013D438	8013E748	7	7
gSimQueue_Ticker	8013D434	8013E744	5	5
gSkidMarkPixmap	8013D1EC	8013E4F0	3	3
gSkyColor	80120620	8012193C	3	3
gSkyMesh	80120378	80121694	3	3
gSkyPixmapIndex	80120774	80121A90	2	2
gSm	8013DAC8	8013EDD4	9	9
gSndBnk	8010E8A8	8010FB98	8	8
gSnowPalette	8013D214	8013E518	3	3
gSparkHPixmap	80112B54	80113E38	4	4
gSpikeBelt	8013C794	8013DAB4	4	4
gSpikeBeltChunk	8013C79C	8013DABC	3	3
gSpikeBeltColourTableIndex	8013C7B0	8013DAD0	1	1
gSpikeBeltPixmap	8013D1E0	8013E4E4	2	2
gSpikeBeltSlice	8013C798	8013DAB8	4	4
gSpikeBeltWidth	8013C7AC	8013DACC	3	3
gSpikeBeltX	8013C7A0	8013DAC0	5	5
gSprite0	8013DE08	8013F13C	16	16
gSprite1	8013DE0C	8013F140	8	8
gStatusSm	8011E670	8011F98C	6	6
gSteerRatio	8013D2F8	8013E608	1	1
gStereoMode	8013C674	8013D994	4	4
gStopCommentaryNow	800514C8	80051D70	4	4
gSwapFileName	80052064	800528B4	1	1
gSwapFileNameTI	8005208C	800528DC	1	1
gTAddCSmoke	8013D4F4	8013E808	3	3
gTAddCarExtraSfx	8011E270	8011F58C	3	3
gTAddCarSfx	8011E1D0	8011F4EC	2	2
gTAddCarWheelDelay	8013D4F0	8013E804	3	3
gTAddCarWheelSfx	8011E1F0	8011F50C	3	3
gTEnviroEffect	8011E1B0	8011F4CC	2	2
gTMoveSouffle	8013D450	8013E760	4	4
gTPage0	8013E390	8013F6C4	2	2
gTPage1	8013E3F0	8013F724	3	3
gTableCache	8013DA94	8013EDA0	13	13
gTotalMem	8013D7C4	8013EAD8	1	1
gTotalMemory	8013DABC	8013EDC8	3	3
gUseFrontend	8013D274	8013E578	2	2
gUseSm	8013DAD0	8013EDDC	14	14
gVi	8013D83C	8013EB50	5	5
gVi2	8013C7B8	8013DAD8	3	3
gVoxBanks	801370B4	801383D0	16	16
gVoxEvents	80148060	801493C8	30	30
gVoxInGame	80148058	801493C0	7	7
gWSavePtr	8013D830	8013EB44	68	68
gWeatherPixmap	80112B7C	80113E60	4	4
gWindDir	8013D454	8013E764	5	5
gWorldMat	8010EE40	80110130	10	10
gZDepth	8013DB74	8013EE80	1	1
g_currentthread	8013DD5C	8013F08C	3	3
gaChannel	8010E8FC	8010FBEC	17	17
generic128HzClock	8013C828	8013DB48	5	5
getKeyMappings	8005173C	80051F84	2	2
gfHexPt1	8011FE30	8012114C	2	2
gfHexPt2	8011FE3C	80121158	2	2
gfOctPt1	8011FE10	8012112C	2	2
gfOctPt2	8011FE20	8012113C	2	2
gfSpikePt0	8011FDE0	801210FC	2	2
gfSpikePt1	8011FDF0	8012110C	2	2
gfSpikePt2	8011FE00	8012111C	2	2
gfrgb	8013D86C	8013EB80	13	17
gfrgb2	8013D870	8013EB84	8	8
gfxPmxHeightPercentage	8012087C	80121B98	2	2
ginfo	800514E8	80051D90	10	10
gpPmx	801207B4	80121AD0	2	2
gravity_ch	801165DC	801178C0	2	4
gripLossTable	801165BC	801178A0	2	2
gripLossTableWet	801165C8	801178AC	2	2
gscale	8013D874	8013EB88	11	11
gtotallaptimes	8013C6C8	8013D9E8	5	5
gtrackNumber	8013D4DC	8013E7F0	3	3
highLevelAIObjs	8010CD38	8010D9C0	36	36
iFILE_CommandCompleteCallback	800ED020	800ED968	1	1
iFILE_addbigopencallback	800EC7A0	800ED0E8	1	1
iFILE_addbigreadcallback	800EC660	800ECFA8	2	2
iFILE_delbigclosecallback	800EC980	800ED2C8	1	1
iMCRD_DefaultCBProc1	800506E8	80050F90	1	1
iMCRD_timersub	8005028C	80050B34	2	2
iSND100hzserver	800EA254	800EAB9C	1	1
iSNDdmcallback	8010AA64	8010B6EC	1	1
iSNDpacketirqcallback	8010399C	80104364	1	1
iSNDpacketserve	80104024	801049EC	1	1
iSNDpacketsetirq	801038BC	80104284	2	2
iSNDpsxpacketstop	801046C8	80105090	1	1
iSNDserver	800EA138	800EAA80	2	2
iSNDstreamdestroyall	800E8C14	800E955C	1	1
iSNDstreamnotifycallback	800E8DD4	800E971C	1	1
iSNDstreamreleasecallback	800E8D90	800E96D8	1	1
iSNDstreamservice	800E9590	800E9ED8	2	2
iSNDsystemtaskreal	800F2130	800F2AB8	1	1
identitymatrix	801237EC	80124B0C	4	4
inFrontEnd	8013D758	8013EA6C	4	4
intensityFalseLapCounter	8013C630	8013D950	2	2
inverseLaneWidthTable	8010E00C	8010F2FC	3	3
ispch_gChoice	801484E4	8014984C	8	8
ispch_gPickSamples	8014847C	801497E4	5	5
isqrttbl	8013BE10	8013D12C	7	7
joy_inited	8013DD28	8013F034	2	2
jtbl_80010078	80010078	80010070	1	1
jtbl_80010258	80010258	80010250	1	1
jtbl_80010990	80010990	80010988	1	1
jtbl_80011AB8	80011AB8	80011A68	1	1
jtbl_80011AF8	80011AF8	80011AA8	1	1
jtbl_80011B38	80011B38	80011AE8	1	1
jtbl_80012138	80012138	800120F0	1	1
jtbl_800121C0	800121C0	80012178	1	1
jtbl_800125F0	800125F0	800125A8	1	1
jtbl_80012858	80012858	80012878	1	1
jtbl_80012870	80012870	80012890	1	1
jtbl_80012888	80012888	800128A8	1	1
jtbl_80054F64	80054F64	80055734	1	1
jtbl_80055040	80055040	80055810	1	1
jtbl_80055070	80055070	80055840	1	1
jtbl_80055118	80055118	800558E8	1	1
jtbl_800551C8	800551C8	80055998	1	1
jtbl_800558C8	800558C8	80056078	1	1
jtbl_80055918	80055918	800560C8	1	1
jtbl_80055930	80055930	800560E0	1	1
jtbl_80055A28	80055A28	800561D8	1	1
jtbl_800564E0	800564E0	80056C94	1	1
jtbl_80056578	80056578	80056D2C	1	1
jtbl_80056690	80056690	80056E44	1	1
jtbl_80056788	80056788	80056F3C	1	1
jtbl_8005684C	8005684C	80057000	1	1
jtbl_80056894	80056894	80057048	1	1
jtbl_8005699C	8005699C	80057140	1	1
jtbl_800569D4	800569D4	80057178	1	1
jtbl_80056A98	80056A98	8005723C	1	1
jtbl_80056C6C	80056C6C	800573F0	1	1
jtbl_80056C94	80056C94	80057418	1	1
jtbl_80056CB8	80056CB8	8005743C	1	1
jtbl_80056FBC	80056FBC	80057740	1	1
jtbl_80056FD8	80056FD8	800577A8	1	1
jtbl_800574F0	800574F0	80057CC0	1	1
jtbl_80057538	80057538	80057D08	1	1
jtbl_80057968	80057968	80058158	1	1
kBannerColors	80052078	800528C8	1	1
kMemCardMessage1X	80052928	80053178	1	1
kMemCardMessage1Y	8005292C	8005317C	2	2
kMemCardMessageH	80052904	80053154	2	2
kMemCardMessageH1	80052908	80053158	1	1
kMemCardMessageX	80052930	80053180	1	1
kMemCardMessageY	80052934	80053184	1	1
kRGBVals	800516C8	80051F10	15	15
langFileName	8011E140	8011F424	1	1
leaderBoard	8010DDA4	8010EA2C	8	8
leftMult	8013D310	8013E620	1	1
libticks	8013DCB0	8013EFBC	8	8
linkmodeflag	8013DD0C	8013F018	1	1
loadbigfileheaderatomic	800E5938	800E6510	1	1
loadfileadratomic	800E56B0	800E6288	2	2
loadfileatadratomic	800E5830	800E6408	2	2
loadfilecallback	8013DD60	8013F090	1	1
loadfileclosecallback	800F0D24	800F1A84	3	3
loadfileopencallback	800F0F18	800F1C78	2	2
loadfilereadcallback	800F0D80	800F1AE0	3	3
loadfilesizecallback	800F0E54	800F1BB4	1	1
loadsegreadcallback	800F1024	800F1D84	2	2
mapMarkerMCos	8013D948	8013EC54	5	5
mapMarkerMSin	8013D94C	8013EC58	5	5
mappings	80120DFC	80122118	9	9
maxot	8013DE7C	8013F1B0	3	3
maxprim	8013DE8C	8013F1C0	2	2
mb_default	8013DCC8	8013EFD4	1	1
memclass	8013E900	8013FC68	9	9
menuDefs	80051A58	800522A0	151	151
menu_kUserNameRows	800529B0	80053200	10	10
minChar	800529A0	800531F0	1	1
moonPosInSky_vx	8013DDF8	8013F12C	2	2
movie24bit	800529F8	80053248	2	2
movieframes	800529EC	8005323C	1	1
movieheight	80052A0C	8005325C	2	2
movienames	800529D8	80053228	1	1
moviewidth	80052A18	80053268	2	2
mutexbuf	801477E0	80148B48	2	2
nextprim	8013DE78	8013F1AC	7	7
nightfile	8013DA98	8013EDA4	5	5
nomessage	80051A78	800522C0	1	1
numValidCams	8013D3F0	8013E700	14	14
numjoy	8013DC84	8013EF90	1	1
obj0	8013C83C	8013DB5C	7	7
obj1	8013C840	8013DB60	7	7
opencallback	800FC810	800FD1E8	2	2
openkeys	801231FC	80124518	2	2
otbl	8013DE70	8013F1A4	2	2
otbuf	8013DD04	8013F010	3	3
oti	8013DE68	8013F19C	1	1
otp	8013DE6C	8013F1A0	1	1
pNormal	8013C844	8013DB64	3	3
pP	8013C848	8013DB68	9	9
padIntFunc	8013C314	8013D630	1	1
powerControl	8013D320	8013E630	4	4
prevCamMat	80123444	80124760	2	2
prevCamPos	8012342C	80124748	3	3
primbase	8013DE84	8013F1B8	1	1
primbuf	8013DD08	8013F014	2	2
primptr	8013DE80	8013F1B4	5	5
quickSirenActive	8010E7C0	8010FAB0	3	3
quickSirenTimeCount	8010E850	8010FB40	2	2
quitType	8013D430	8013E740	3	3
randSeed	8013D104	8013E408	44	44
randtemp	8013D100	8013E404	53	53
reachedSirenMin	8010E838	8010FB28	1	1
readcallback	800FC8A8	800FD280	1	1
readcmd	80140400	80141768	9	9
readfile_systask	800F3F80	800F4908	1	1
rearLimit	8013C7E8	8013DB08	2	2
rearMult	8013D30C	8013E61C	4	4
recordLapTime	8013C640	8013D960	4	4
reentryflag	8013DEC0	8013F1F4	1	1
restoretimer	800F4304	800F4C8C	2	2
rightMult	8013D314	8013E624	1	1
roadMult	8013D304	8013E614	1	1
roadSurfaceFrictionCoeff	80116530	80117814	1	1
roadSurfaceIndex	80116580	80117864	1	1
screenAudio	800528E8	80053138	14	14
screenBeTheCopCongrats	8005294C	8005319C	1	1
screenCarSelect	8005203C	8005288C	10	10
screenCarSelectDuel	80052040	80052890	2	2
screenCarSelectPlayerTwo	80052048	80052898	1	1
screenCarSelectTwoPlayer	80052044	80052894	1	1
screenControllerConfig	800528D0	80053120	2	2
screenDisplay	800528D8	80053128	1	1
screenMain	80051E58	800526A8	10	10
screenMemcard	800528F0	80053140	5	5
screenPinkSlipCongrats	80052944	80053194	1	1
screenPinkSlipStandings	80051E70	800526C0	1	1
screenPinkSlips	80051E64	800526B4	1	1
screenPinkSlipsCarSelectPlayerTwo	80052050	800528A0	1	1
screenPinkSlipsCarSelectTwoPlayer	8005204C	8005289C	1	1
screenTournSelect	8005205C	800528AC	1	1
screenTournamentCongrats	80052950	800531A0	1	1
screenTournamentStandings	80051E68	800526B8	2	2
screenTournamentStandings3item	80051E6C	800526BC	2	2
screenTournamentTrophy	80052948	80053198	1	1
screenTrackInfo	800520CC	8005291C	1	1
screenTrackRecords	800520D0	80052920	1	1
screenTrackSelect	800520B4	80052904	1	1
screenTrophyInfo	80052088	800528D8	1	1
screenTrophyRoom	80052060	800528B0	3	3
screenUserName	800529B4	80053204	5	5
screenbpp	8013DC90	8013EF9C	2	2
screenheight	8013DC8C	8013EF98	6	6
screenwidth	8013DC88	8013EF94	4	4
secChar	800529A8	800531F8	1	1
seed	8012349C	801247B8	2	2
seedX	801235F4	80124910	7	7
semitrans	8013DD14	8013F020	4	4
setIntrDMA	80106878	80107250	1	1
setclipwindow	800F6114	800F6A9C	1	1
shapeext	8013DD20	8013F02C	1	1
showRoomFlag	80051260	80051B08	2	2
shpfontclut	8011FDB0	801210CC	7	7
simGlobal	8011E0B0	8011F394	117	165
simVar	8011E0C4	8011F3A8	11	11
sintbl	80137464	80138780	5	5
sirenCount	8010E820	8010FB10	3	3
sirenCurrentPitch	8010E7F0	8010FAE0	3	3
skipRender	8013D42C	8013E73C	3	3
slippery	8013D318	8013E628	4	4
slowSirenReps	8010E808	8010FAF8	1	1
smallShapeFile	8013D9D0	8013ECDC	5	5
sndcdvs	80136CAC	80137FC8	2	2
sndcents	801370C4	801383E0	2	2
sndchanreserved	80147914	80148C7C	11	11
snddefaultenvelope	801371C4	801384E0	1	1
sndgs	80147860	80148BC8	55	55
sndmm	80148780	80149914	4	4
sndpd	80147918	80148C80	38	38
sndpdsafeloop	80136DF0	8013810C	1	1
sndpe	80136E00	8013811C	1	1
sndpp	80148578	801498E0	6	6
sndpps	80148574	801498DC	11	11
sndpsxlimits	801234D4	801247F0	4	4
sndseed	8013C2F0	8013D60C	5	5
sndss	8013EA80	8013FDE8	11	11
speechfileHeader	8005150C	80051DB4	4	4
stackSpeedUpEnbabledFlag	8013D81C	8013EB30	48	48
startIntrVSync_helper_1	8010658C	80106F64	1	1
startIntrVSync_helper_2	801065F8	80106FD0	1	1
stopClock	8013C824	8013DB44	2	2
strCallback__Fv	8004D038	8004D5A0	1	1
strategyChart	8010CE7C	8010DB04	2	2
suspensionUpgrade	8010DCF0	8010E978	2	2
swap	80114124	80115408	1	1
synccallback	800EA6CC	800EB014	2	2
textDefinitions	800515B8	80051E60	10	10
ticks	8013DCAC	8013EFB8	138	138
tickset	8013DC40	8013EF4C	1	1
tickval	8013DC44	8013EF50	3	3
timerevent	8013DEC4	8013F1F8	2	2
timerflag	8013DD4C	8013F07C	3	3
timerhz	8013DCC4	8013EFD0	7	7
tmrint	800F4328	800F4CB0	1	1
tmrsub	8012360C	80124928	5	5
totalAvailMem	8013D9DC	8013ECE8	1	1
tournamentManager	80114AD8	80115DBC	45	49
trackManager	80114A50	80115D34	19	19
trackMusicState	8013C628	8013D948	1	1
trafcfg	8010D560	8010E1E8	1	1
triggerManagerCops	8013C5E8	8013D904	14	14
triggerManagerTraffic	8013C5EC	8013D908	8	8
trk0	8011F590	801208AC	1	1
trk4	8011F5D8	801208F4	1	1
unPauseDelay	8013D428	8013E738	2	2
uncompressed_data	8011DBBC	8011EEA0	2	2
wordFile	8013D458	8013E768	8	8
